date,momentum,mean_reversion,moving_average,volatility_breakout
2012-01-03,0.0,0.0,0.0,0.0
2012-01-04,0.0,0.0,0.0,0.0
2012-01-05,0.0,0.0,0.0,0.0
2012-01-06,0.0,0.0,0.0,0.0
2012-01-09,0.0,0.0,0.0,0.0
2012-01-10,0.0,0.0011565361363265025,0.0,0.0
2012-01-11,0.0,-0.00038604869863088085,0.0,0.0
2012-01-12,0.0,-0.0001,0.0,0.0
2012-01-13,0.0,-0.0016267946734537797,0.0,0.0
2012-01-16,0.0,-0.005643990952970146,0.0,0.0
2012-01-17,0.0,0.004144547515983366,0.0,0.0
2012-01-18,0.0,0.0027537736244831247,0.0,0.0
2012-01-19,0.0,0.005383657019017285,0.0,0.0
2012-01-20,0.0,-0.0001,0.0,0.0
2012-01-23,0.0,-0.003238369162237986,0.0,0.0
2012-01-24,0.0,-0.009016391164628112,0.0,0.0
2012-01-25,0.0,-0.007506525095029226,0.0,0.0
2012-01-26,0.0,-0.008581376740426172,0.0,0.0
2012-01-27,0.0,0.0010126625200621354,0.0,0.0
2012-01-30,0.0,-0.01054897186858753,0.0,0.0
2012-01-31,0.0,0.0031949446370122536,0.0,-0.001874436820941805
2012-02-01,0.0,0.00021582907537586192,0.0,-0.0001
2012-02-02,0.0,-0.0014370420364685278,0.0,-0.004284724295313791
2012-02-03,0.0,-0.0006637803466310043,0.0,0.0017271020969003349
2012-02-06,0.0,0.0018562294623448937,0.0,0.0005663156465856023
2012-02-07,0.0,-0.005666300393999279,0.0,0.003578760107609291
2012-02-08,0.0,0.0063540475084918665,0.0,0.0005574065546946727
2012-02-09,0.0,-0.007751633390067125,0.0,0.0023290166660861365
2012-02-10,0.0,-0.002298892784900397,0.0,0.00015343591362859677
2012-02-13,0.0,-0.004529004980650897,0.0,-0.0014230323666788891
2012-02-14,0.0,-0.003742549760485292,0.0,-0.0001
2012-02-15,0.0,0.005135828127470221,0.0,0.0
2012-02-16,0.0,-0.0018040845153395435,0.0,-0.0014272391431092379
2012-02-17,0.0,-0.00020387062582695171,0.0,-0.0001
2012-02-20,0.0,0.0066776836665588205,0.0,-0.0002869825476599196
2012-02-21,0.0,-0.0002,0.0,-0.0001
2012-02-22,0.0,0.0,0.0,0.0050508184280956825
2012-02-23,0.0,0.0,0.0,0.0017088513688114926
2012-02-24,0.0,0.0,0.0,-0.00019130298246133873
2012-02-27,0.0,0.0051990343870848554,0.0,-0.0013340029771182205
2012-02-28,0.0,0.0002107941083687283,0.0,-0.0001
2012-02-29,0.0,-0.0001,0.0,-0.0034089925558474675
2012-03-01,0.0,0.0,0.0,-0.0001
2012-03-02,0.0,0.0,0.0,0.0
2012-03-05,0.0,0.0,0.0,0.005111557148128154
2012-03-06,0.0,0.0,0.0,0.0006966182378360219
2012-03-07,0.0,0.0024712721003993356,0.0,0.004326711512741532
2012-03-08,0.0,-0.0001,0.0,0.001495949464101054
2012-03-09,0.0,0.0,0.0,-0.015088938701545328
2012-03-12,0.0,0.0035104375559707247,0.0,-0.00030000000000000003
2012-03-13,0.0,-0.0001,0.0,0.0
2012-03-14,0.0,0.0005822203610266531,0.0,0.0
2012-03-15,0.0,-0.0001,0.0,-0.0011182847585801902
2012-03-16,0.0,-0.0010085716663007726,0.0,-0.0001
2012-03-19,0.0,-0.0002,0.0,0.0
2012-03-20,0.0,0.009707515676412348,0.0,0.006877138730177446
2012-03-21,0.0,0.0070001421721028415,0.0,-0.0030006825165844186
2012-03-22,0.0,0.0038162778903623406,0.0,0.0006229051094621131
2012-03-23,0.0,-0.0001,0.0,0.00463697452323153
2012-03-26,0.0,0.0,0.0,-0.0053438106744014835
2012-03-27,0.0,0.0,0.0,0.00010851246958869538
2012-03-28,0.0,-0.0020887692323199093,0.0,0.0016321542120888654
2012-03-29,0.0,-0.0009766012556550962,0.0,0.0021610700902841007
2012-03-30,0.0,0.004350287104476802,0.0,0.003982992261437035
2012-04-02,0.0,0.0011735698683908557,0.0,-0.0073202914181184405
2012-04-03,0.0,-0.0001,0.0,0.00043456387796924077
2012-04-04,0.0,0.0,0.0,0.0006392310212477437
2012-04-05,0.0,0.0,0.0,0.004562628076032383
2012-04-06,0.0,-0.0016055720324454127,0.0,0.002767941203507185
2012-04-09,0.0,-0.0007848396616921937,0.0,-0.003217615573292498
2012-04-10,0.0,0.006641451210168769,0.0,-0.0001
2012-04-11,0.0,0.0059900460647769,0.0,0.0
2012-04-12,0.0,-0.0001,0.0,0.0
2012-04-13,0.0,-0.0010908709533537508,0.0,0.0
2012-04-16,0.0,-0.003268117386482028,0.0,0.0
2012-04-17,0.0,0.0018883860468919323,0.0,0.0
2012-04-18,0.0,-0.002902643260165061,0.0,0.0
2012-04-19,0.0,0.007103308968284328,0.0,0.0
2012-04-20,0.0,-0.0001,0.0,0.0
2012-04-23,0.0,0.0,0.0,0.0
2012-04-24,0.0,0.0,0.0,-0.00029422817363590194
2012-04-25,0.0,0.0,0.0,-0.002531709179676955
2012-04-26,0.0,0.0,0.0,0.0031857502692683283
2012-04-27,0.0,-0.00010450856236240416,0.0,-0.0005973583993024057
2012-04-30,0.0,-0.0001,0.0,-0.001680386351405805
2012-05-01,0.0,0.005547277365550574,0.0,-0.0001
2012-05-02,0.0,-0.0001,0.0,0.0
2012-05-03,0.0,0.001852575324478578,0.0,0.0
2012-05-04,0.0,0.006098992601731057,0.0,0.0
2012-05-07,0.0,-0.0002,0.0,-0.010952326479569952
2012-05-08,0.0,0.0073803360784421065,0.0,-0.00030000000000000003
2012-05-09,0.0,-0.0002,0.0,0.004599904919664488
2012-05-10,0.0,0.0,0.0,-0.0037157855422336626
2012-05-11,0.0,0.0,0.0,-0.006068590236042104
2012-05-14,0.0,-0.0033624460946938828,0.0,-0.0001
2012-05-15,0.0,0.0006369707145482686,0.0,0.0
2012-05-16,0.0,-0.00815954075804054,0.0,0.0
2012-05-17,0.0,-0.0018631584731143124,0.0,0.0
2012-05-18,0.0,-0.008476434604323069,0.0,0.0
2012-05-21,0.0,0.005696535736609254,0.0,0.0
2012-05-22,0.0,0.010863870847607815,0.0,0.0
2012-05-23,0.0,-0.0001,0.0,0.0
2012-05-24,0.0,0.0,0.0,0.0
2012-05-25,0.0,0.0,0.0,0.0036187604409469
2012-05-28,0.0,0.0,0.0,-1.4434272082008981e-05
2012-05-29,0.0,0.0,0.0,-0.0011133546987359688
2012-05-30,0.0,0.0,0.0,-0.0001
2012-05-31,0.0,0.0,0.0,0.0
2012-06-01,0.0,0.0,0.0,0.0
2012-06-04,0.0,0.0,0.0,-0.007013292431106588
2012-06-05,0.0,0.0,0.0,-0.0001
2012-06-06,0.0,0.0,0.0,0.0
2012-06-07,0.0,0.0,0.0,0.0
2012-06-08,0.0,0.0043797875020921365,0.0,0.0
2012-06-11,0.0,-0.006825221576820128,0.0,0.0
2012-06-12,0.0,0.008635954119450973,0.0,0.0
2012-06-13,0.0,-0.0002,0.0,0.0007120696275165429
2012-06-14,0.0,0.0015983105299195333,0.0,-0.002962919112349793
2012-06-15,0.0,-0.004831903724707809,0.0,-0.0002
2012-06-18,0.0,-0.00012740608204240278,0.0,0.0
2012-06-19,0.0,-0.0001,0.0,0.0
2012-06-20,0.0,-0.006862993534242201,0.0,0.0
2012-06-21,0.0,0.0016750828730421109,0.0,0.0
2012-06-22,0.0,-0.0100440127387329,0.0,0.0
2012-06-25,0.0,0.007918672814796723,0.0,-0.0027729687072561293
2012-06-26,0.0,-0.011016192552461857,0.0,-0.0001
2012-06-27,0.001823788708645402,0.0034169058876423854,0.0,0.0
2012-06-28,-0.0005416612282762578,-0.004219089718003499,0.0,0.0
2012-06-29,0.00801037179227373,0.0034639719161399076,0.0,0.0
2012-07-02,-0.00016920435418970036,0.0007440001142140829,0.0,-0.002519062719399401
2012-07-03,0.009488724153715756,0.006630139127952761,0.0,-0.0001
2012-07-04,0.007656902743158689,-0.0001,0.0,0.0031532722176938477
2012-07-05,-0.002374911584481976,0.0,0.0,-0.0025643717112955656
2012-07-06,-0.006936325052161352,0.0,0.0,-0.0002
2012-07-09,-0.007557302182947523,0.0,0.0,-0.0019241864253885742
2012-07-10,0.0026633671723585994,0.0,0.0,-0.0001
2012-07-11,-0.005026074263520442,-0.008870892797207508,0.0,0.0
2012-07-12,0.0003474142947288872,-0.0018207254536269368,0.0,0.0019681397483558238
2012-07-13,0.006454595927300489,0.005372846534397712,0.0,0.0010817493929027755
2012-07-16,0.0007154517414051265,-0.0018960969816632534,0.0,-0.002692772260553189
2012-07-17,-0.0058151360990864156,-0.0038333689760666535,0.0,-0.0002
2012-07-18,0.0067443248229595906,0.006944240073588537,0.0,4.6074584242050775e-05
2012-07-19,0.0032790554033586662,-0.0001,0.0,-0.0007742376496357561
2012-07-20,0.003026090952553995,0.0059903110566076005,0.0,0.004031157237720717
2012-07-23,0.008092167129678996,-0.000678087076013556,0.0,-0.0015561951672781959
2012-07-24,0.006935176969406998,0.0046753000155484335,0.0,0.00015725523156538977
2012-07-25,-0.006367963532666087,-0.0001,0.0,0.001545907562312765
2012-07-26,0.012078160540324312,0.0,0.0,-0.0010084880787526896
2012-07-27,-0.009846553662262747,0.0,0.0,-0.0033830341669238706
2012-07-30,-0.007823140347491698,0.0028785772051945434,0.0,-0.0001
2012-07-31,-0.004613087317588915,-0.0011464631466760467,0.0,0.0
2012-08-01,0.0005482872008254258,-0.003472837874643697,0.0,0.0
2012-08-02,0.003737027852102881,-0.0027607147190244264,0.0,0.0
2012-08-03,0.0023672701015280406,-0.007094873654256506,0.0,0.00014239020108254295
2012-08-06,0.004344539701084549,0.004984775788528173,0.0,0.002927681107744462
2012-08-07,0.0057998418603648185,0.00783549578012963,0.0,0.0044652789987392975
2012-08-08,0.0024230304736513773,-0.0012622356416931214,0.0,0.003361622975869327
2012-08-09,0.00025314673040901516,-0.005078269632631893,0.0,-0.0019380090661576422
2012-08-10,-0.006073637178769875,0.0016532989332760817,0.0,-0.0001
2012-08-13,-0.0007051556727830643,-0.005297240518683544,0.0,0.0
2012-08-14,-0.004128243218565852,-0.0021663443164601005,0.0,0.0
2012-08-15,0.002692260370331878,-0.007652599053902131,0.0,0.0
2012-08-16,0.00383515437312667,-0.002077787768055972,0.0,0.00027455629423925884
2012-08-17,-0.0007875898501086054,-0.002333565325813436,0.0,0.000733370207731987
2012-08-20,0.0067197143056993095,0.0014778842176668915,0.0,5.4983672977337863e-05
2012-08-21,-0.0035426460977326046,-0.002109165736151275,0.0,-0.003642646097732605
2012-08-22,-0.002470231751899976,0.003412406012725855,0.0,-0.0002
2012-08-23,0.0011738643091415036,-0.0035798575374252793,0.0,0.0
2012-08-24,-0.0024209703000904305,0.002214573177701906,0.0,0.0
2012-08-27,-0.0026095156164851253,-0.0001,0.0,0.0
2012-08-28,-0.0022504113894191045,-0.002473850313107129,0.0,0.0
2012-08-29,0.003277872850778807,-0.0023302008627802406,0.0,0.0
2012-08-30,0.0020976612351955026,-0.005696084307083604,0.0,0.0019688611111148167
2012-08-31,0.0027344098221813162,0.007370474689485773,0.0,0.0018372537074579308
2012-09-03,-0.0001038234652869896,-0.0017687421655484758,0.0,-0.0006713122542685301
2012-09-04,-0.006747419360732643,0.001335599445436697,0.0,-0.0001
2012-09-05,5.097419825625948e-05,-0.0001,0.0,0.0
2012-09-06,-0.007544767102282357,-0.0002734566920315928,0.0,0.0
2012-09-07,-0.0070338704011278395,0.0030189434037821484,0.0,0.0
2012-09-10,-3.3760403526916785e-05,-0.00019089427819316533,0.0,0.0
2012-09-11,-0.0002386448842499389,-0.005861523363434151,0.0,0.0
2012-09-12,-0.0007962610459882446,-0.003291636741261761,0.0,0.002395375695273516
2012-09-13,0.0027299694389538833,-0.004241943984616725,0.0,0.0015483929303969136
2012-09-14,0.0008190071489212692,0.0025581848325604726,0.0,0.0007190071489212691
2012-09-17,0.0007462937836081984,-0.0042641740445249045,0.0,-0.006516094132477701
2012-09-18,0.002221912361521161,0.0012224547939189367,0.0,0.002121912361521161
2012-09-19,0.0031213033929954116,-0.0016273540689160759,0.0,0.0031213033929954116
2012-09-20,-0.0022705927788466474,-0.004373941755243216,0.0,-0.0022705927788466474
2012-09-21,0.0016863345594190892,-0.00560737155557769,0.0,0.0010372212379645474
2012-09-24,0.008884386320958716,0.0019019748451728712,0.0,0.003087490384114755
2012-09-25,-0.00023792138780065475,0.0016137796814100103,0.0,-0.005196470167865452
2012-09-26,-0.0007829377803051596,0.003070980040840965,0.0,-0.0004
2012-09-27,-0.0022116286661458817,-0.0001,0.0,0.006388791159521579
2012-09-28,-0.004659791256103473,0.0,0.0,0.007869231950038403
2012-10-01,0.006105992740468291,0.0,0.0,0.0065516778412373685
2012-10-02,0.0017443191173129424,0.0,0.0,-0.0006093806102192012
2012-10-03,0.005814995059135209,0.0,0.0,0.004667701574743599
2012-10-04,0.004208081258578256,0.0,0.0,-0.007887384134382003
2012-10-05,0.01059753929821472,0.0,0.0,0.008199711893255624
2012-10-08,0.0006508495415232573,0.0,0.004656698630498756,0.0005508495415232573
2012-10-09,0.0011700327622174544,0.0,-0.0031269323736828223,-0.0014854361602766209
2012-10-10,-0.0014038668731150006,0.0,0.0031999340407217413,0.010969769033837118
2012-10-11,0.0028142712393892655,0.0,0.003159593789889126,0.00927710126942286
2012-10-12,0.002105122191401687,0.0,0.002327199843999406,0.001493207029563104
2012-10-15,0.001980217140896956,0.0,-0.0034486375479441333,-0.0017233249327972878
2012-10-16,0.007479836655206018,-0.0006991702837955692,0.004771655245693252,-0.0002
2012-10-17,-0.00021951054866686803,-0.0001,0.0004977827431095871,0.0013291226976648418
2012-10-18,0.0023462626998360216,-0.00010869180476859022,-0.0026550883978832206,0.0031729136261543166
2012-10-19,0.007871474624723618,0.003893339893127712,0.0041175615917031895,0.0024157969979329507
2012-10-22,0.002011510535509675,-0.001516463141690394,0.0030423882439557294,0.001811510535509675
2012-10-23,0.0007789796794559045,-0.0019545896707573894,0.0015883916428864441,0.001488391642886444
2012-10-24,-0.0022781944770618122,0.0038313564452185367,0.0011464316152285825,-0.0010166182040613925
2012-10-25,0.008605025316664872,0.00016025644941336522,0.005937146226630085,0.005837146226630086
2012-10-26,0.006046393432154506,-0.0011102133640997769,0.0017528647586182889,0.0017528647586182889
2012-10-29,-0.004492246162052516,0.00023253038363324485,-0.00022914577531933932,-0.004492246162052516
2012-10-30,0.00010448032868902732,-0.0039824073841807864,-0.0027383448049407067,-0.0002
2012-10-31,0.004332129042769273,-0.0001,0.001782637267510745,0.0
2012-11-01,-0.004235280505048356,-0.0008373544643420882,-0.005019356973088596,-0.0017563171462250727
2012-11-02,-0.00030615263546178716,-0.004497500435079416,-0.0006485736669226139,0.0001424210314608267
2012-11-05,-0.0016291690950198667,-0.006765211515624603,-0.002242027671687419,0.000612858576667552
2012-11-06,-0.009924181842819823,0.0023582698077749486,-0.00892460291893613,-0.0009995789238836927
2012-11-07,0.003931035511980108,0.00038833479040496516,0.0007466770108928156,-0.0001
2012-11-08,0.004862620408163165,0.00910981829603158,0.004375056688225154,0.0003875637199380112
2012-11-09,0.0017044418260443895,-0.004878843271163713,0.0010845434502014585,0.000619898375842931
2012-11-12,-0.003704798875693882,-0.0030410548295307207,-0.00025062083627569454,-0.0034541780394181875
2012-11-13,0.004939124601589284,0.004091587121997508,0.005039124601589284,-0.0001
2012-11-14,-0.005744948574635478,-0.0043035570317966785,-0.005744948574635478,0.0
2012-11-15,0.0007719883928595017,0.0009772172904991994,0.0007719883928595017,0.0
2012-11-16,0.0030022375520616486,-0.006882151944353032,0.0003952856211594913,0.0
2012-11-19,-0.004809708260365286,-0.0007669571307568846,-0.0020888924677413324,-0.002206820970405354
2012-11-20,0.008981344381522616,-0.0040975165209582555,0.009081344381522615,-0.0001
2012-11-21,0.005534267341408716,-0.0027332423535345596,0.005534267341408716,0.0014905098664234173
2012-11-22,0.001287109053235591,0.0019194335910997728,0.001287109053235591,0.0005295960838087588
2012-11-23,0.001020936242219872,-0.00294236991766319,0.0023933008421473056,0.006223848263763321
2012-11-26,-0.008796924028740948,-0.006132875082311062,-0.009658536078925705,-0.0075700583237443995
2012-11-27,-0.006954128793016423,0.008835661800342853,-0.007729519082622804,-0.0001
2012-11-28,-0.0009740765347926672,-0.0001,0.001838976405001147,0.0
2012-11-29,-0.011685192313769388,-0.008015650006835507,-0.0063469633101436605,0.0
2012-11-30,-0.002495862551430117,-0.004581300291693946,-0.0023958625514301168,0.0
2012-12-03,0.007112222148534952,0.008592583489458627,0.008592583489458627,0.0
2012-12-04,0.0012326610550492446,-0.00022234772288672868,0.0015389230742819614,0.0
2012-12-05,-0.0022537560214830775,-0.0034432973739551343,-0.005597053395438212,0.0
2012-12-06,-0.004940354531240865,-0.0015804144249813579,-0.006520768956222223,0.0
2012-12-07,-0.0018746779399218204,-0.0009723235917332484,-0.002847001531655069,0.0
2012-12-10,0.00378741929727735,-0.00303778508720578,0.0029213657928021776,0.0
2012-12-11,-0.0021446023156328486,0.008967067527566708,-0.0021772367634767865,0.0
2012-12-12,0.004405443858824043,-0.009393422794233896,0.010156612262882846,0.0
2012-12-13,-0.0024966535507120026,-0.01758746168875359,-0.004435745097762278,0.0
2012-12-14,-0.001203619926023336,-0.0015875063018830015,-0.0007938944726537667,0.0
2012-12-17,-0.0013891320152197295,0.0063636837023397395,-0.0032983110028777184,0.0
2012-12-18,0.0002772547901848554,-0.00465458322767015,-0.0012747052429615824,0.0
2012-12-19,0.00012059155157102541,-0.006960537428124036,-0.0020670995596729245,0.0
2012-12-20,0.003863866961583429,0.00029137369297834733,0.0033211979565023865,0.0
2012-12-21,0.004462559615666395,0.0015648359861598626,0.003102324716818128,0.0
2012-12-24,0.00013696644271408154,0.0007363148293047185,0.0010732812720188,0.0
2012-12-25,-0.0009623479301423376,-0.0001,-0.00037518767247362027,0.0
2012-12-26,-0.0034008100437010304,0.0,-0.005620362380209731,-0.0013255011211306012
2012-12-27,0.00413909140694404,0.0008114137564993462,0.009130922543003095,-0.0001
2012-12-28,-0.003591882352053566,-0.00011767546678080887,-0.006506556047513312,0.0
2012-12-31,-0.0011689571249212881,-0.00019653168457225422,-0.0002167685388781315,0.0
2013-01-01,0.0015637571662106664,-0.00128868142187486,0.007212003350954732,0.0
2013-01-02,0.0027361298227666308,-0.0023192857739159577,0.0009704409724255569,0.0
2013-01-03,-0.002545254052574597,-0.00574106027280048,0.0009063970322696679,0.0
2013-01-04,0.001675241078074885,0.00133771629807784,0.005369870891900152,0.0035946298138252674
2013-01-07,0.00924565990420958,-0.00590254477071841,0.010154342013013995,0.000908682108804415
2013-01-08,0.003067298777979577,0.007727433125991778,-0.0015447877101442352,-0.006441307171818289
2013-01-09,-0.001202670042879661,-0.0008004037831087273,0.002493805832359297,-0.0002
2013-01-10,-0.0035847373254570547,-0.0001,-0.003305198314219626,-0.005695410351122277
2013-01-11,-0.0008866474657879709,0.0,-0.0022319906331954133,-0.0001
2013-01-14,0.00015532309013197577,0.00827009929107415,5.532309013197576e-05,0.0
2013-01-15,0.002171599049235473,-0.0001,0.002171599049235473,-0.0018947415086443598
2013-01-16,0.007167048304857149,0.0,0.007167048304857149,-0.002332558109751748
2013-01-17,-0.003966542511942994,0.0,-0.003966542511942994,-0.0012183796792594734
2013-01-18,0.01193306221419932,0.0,0.01193306221419932,0.011278205261923469
2013-01-21,0.002496650720584426,0.0,0.002496650720584426,-0.010233138698952005
2013-01-22,0.007221624604257215,0.0,0.007221624604257215,0.0025562631284540283
2013-01-23,0.003233236691228192,-0.0003401625615566561,0.003233236691228192,0.0031332366912281916
2013-01-24,0.013191365015239676,-0.0001,0.013191365015239676,0.009608453443695842
2013-01-25,0.0015972137430752208,-0.007291110965496251,0.0015972137430752208,0.0014972137430752208
2013-01-28,-0.006597867559099168,0.00014041033919025557,-0.006597867559099168,-0.0021638208328729315
2013-01-29,-0.002372679771855335,-0.0019795443871710727,-0.002372679771855335,-0.0001
2013-01-30,-0.0015161544115469328,0.0018544732795804375,-0.0015161544115469328,0.0
2013-01-31,-0.0048827071500534116,-0.0005633972827132738,-0.0048827071500534116,0.0
2013-02-01,0.005058368351498865,0.003952915993086436,0.005058368351498865,0.0
2013-02-04,0.0054973865487056624,0.0045188169760487455,0.0054973865487056624,0.0
2013-02-05,0.0009711686262506181,-0.0001,0.0009711686262506181,0.0
2013-02-06,-0.002102553256787576,0.0,-0.004658078464231052,0.0
2013-02-07,0.005174521113156217,0.0,0.0024797943188543,0.0
2013-02-08,-0.0044797293002444725,0.0,-0.006959171543243925,-0.0048687038920741995
2013-02-11,0.007170928928847742,-0.004984825105952273,0.007706066412383095,-0.0001
2013-02-12,0.003016228429406631,0.0031535144538332284,0.001321659490890914,0.0
2013-02-13,-0.0008638717724539057,-0.0001,0.002733612130720475,0.0031417445222805427
2013-02-14,-0.005037917530069924,-0.0025771909774663037,-0.008401968925610959,0.0005721428699242637
2013-02-15,0.0002505950852765837,0.0075480090326403345,-0.0009127474208827868,0.0010727429242455954
2013-02-18,-0.0063077752168468225,-0.0014599570548055386,-0.007649363038904333,0.00010217983826049659
2013-02-19,-0.007019532257495164,-0.003788780126152691,-0.00609981119613272,-0.0010197210613624441
2013-02-20,0.00369583751424587,0.003409776279984944,0.003509776279984944,-0.0001
2013-02-21,-0.0029836225852249987,-0.0013309362573423078,-0.0013309362573423078,0.0
2013-02-22,-0.0021609455171861082,-0.0026669560587388673,-0.003653200705215709,0.0025979907326256655
2013-02-25,-0.011248280932547594,-0.008036905341818279,-0.00793690534181828,-0.0002265294357082448
2013-02-26,0.00664469106763288,-0.0012764679671058653,0.00411045431139836,-0.0001
2013-02-27,-0.000781926029337443,0.0008629494277132554,-0.002216273419308923,0.0
2013-02-28,0.004669071783474954,0.002343669798476533,0.004569071783474954,0.0
2013-03-01,-0.0014551445735939029,-0.0001,-0.0014551445735939029,0.002208939076938288
2013-03-04,-0.0015393275297530095,0.004993685719464647,-0.0015393275297530095,0.00027006192750639324
2013-03-05,0.0007678049254536967,-0.0001,0.0007678049254536967,-0.001582083798041345
2013-03-06,3.8040655502502574e-05,0.0017165053573515165,3.8040655502502574e-05,-6.193757901791201e-05
2013-03-07,0.0034647925425876913,-0.0001,0.0034647925425876913,-0.0002287316476543122
2013-03-08,-0.0019948850425643093,0.0,-0.0019948850425643093,-0.0001
2013-03-11,-0.0052213756434895675,0.0,-0.0052213756434895675,0.0
2013-03-12,0.002921520746626949,0.0,0.002921520746626949,0.0
2013-03-13,-0.0004913233927533068,-0.0007944897154693487,-0.0004913233927533068,0.0
2013-03-14,0.0013820029027061588,-0.0029557120406412006,0.0013820029027061588,0.0
2013-03-15,-0.005757138524846672,-0.004052481283095532,-0.005757138524846672,0.0
2013-03-18,0.004554917645863421,-0.001938483566147542,0.004554917645863421,0.0
2013-03-19,0.0017193822219128796,-0.002011728775710231,0.0017193822219128796,-0.002392356316970723
2013-03-20,-0.001317046723074533,0.004181733989748426,-0.001317046723074533,-0.0006143783995272155
2013-03-21,0.0030189702625114554,-0.0035648821232755036,0.0030189702625114554,-0.0001
2013-03-22,0.0007410725701328502,0.002800466477478869,0.0007410725701328502,-0.0035542143007541104
2013-03-25,0.0014542866795515196,-0.0001,0.0014542866795515196,-0.0002
2013-03-26,0.0012978651428675158,0.0,0.0012978651428675158,0.0
2013-03-27,0.0016625730297919806,0.0,0.0016625730297919806,0.0
2013-03-28,-0.004102059041087425,0.0,-0.004102059041087425,0.0
2013-03-29,-0.005944176444395643,0.0,-0.005944176444395643,0.0
2013-04-01,-0.002947762646565022,0.00114109157210186,-0.002947762646565022,0.0
2013-04-02,-0.002913901795797413,0.0038389323855962053,-0.005473005163939382,0.0
2013-04-03,0.000895708429335218,0.0033234356535506437,-0.0024773928589514327,0.0
2013-04-04,0.008176528681925487,0.005185905107684396,0.008869841509285648,0.0
2013-04-05,0.000590519057570349,-0.005488480716970889,-0.0016895945467915619,0.0
2013-04-08,0.005287862605620619,-0.00995609042212029,0.0018779026859722103,0.0
2013-04-09,-0.005728071905075849,0.001158316738256726,-0.0048844225161212675,-0.002295326913465068
2013-04-10,-0.0036604359163812995,0.0009451965394034811,-0.0018652624769103453,-0.0001
2013-04-11,0.003310126039407357,-6.280631204280684e-05,-0.0031525680074362184,0.0
2013-04-12,-0.004268971186616066,0.011704497250788638,0.00150277284056497,-0.0043689711866160665
2013-04-15,0.0013657559865194457,-0.004290739733715687,0.0011022044767704299,-0.0001
2013-04-16,0.0004849848550345204,0.0029963244031060545,-0.00194270150025313,0.0
2013-04-17,-0.0013707763406874962,-0.0002,0.007349961049679466,0.0
2013-04-18,0.000487924785988092,0.0,0.0015642367354776533,0.0
2013-04-19,-0.0031670177178522605,0.0,-0.004313085306154862,0.0
2013-04-22,0.0009127349705466692,0.0,0.01012277525115084,0.009408665368949165
2013-04-23,-0.0032112195683054235,0.0,-0.0065632994118125735,-0.002475807537510788
2013-04-24,-0.00433234377226428,-0.00389001111952908,-0.004596360896110996,-0.0002
2013-04-25,0.004570088380063087,0.004670088380063086,0.006172003322573017,0.0
2013-04-26,-0.002002006726640215,-0.0001,-0.006183636585825536,0.0
2013-04-29,-0.006368034389341526,0.0,-0.00247981154178869,0.0
2013-04-30,0.0033052792481798486,0.0032052792481798487,0.0010189579297180007,0.0
2013-05-01,-0.002224002776559586,-0.0001,-0.006369835736638541,-0.004460432370635104
2013-05-02,-0.010628417014301238,-0.002101118091383103,-0.012629535105684342,-0.004689654448517111
2013-05-03,2.08104144321819e-05,-0.004072406362820191,-0.003972406362820191,-0.0002
2013-05-06,0.003156714147690387,0.008345947377239326,0.008345947377239326,0.0
2013-05-07,0.0013184656071340672,0.0022964188256014762,0.0022964188256014762,0.0
2013-05-08,0.005716662803908567,0.003980479852333707,0.009382660967441937,0.0
2013-05-09,-0.00019253914028316554,0.004262482747434304,0.0035913958538999814,0.0
2013-05-10,0.0006469471338095611,0.008637199392088091,0.003605382138485913,0.0
2013-05-13,-0.0030582197515797273,-0.0001,-0.0014483934645916686,0.0014098262869880584
2013-05-14,0.0016520101175431345,0.0,-0.0010644483877581656,-0.0017860422220215
2013-05-15,0.004760943986673105,0.0,0.004939545439764959,0.0032244309485923274
2013-05-16,0.0017060674645909101,0.0,0.00031947597786281535,0.0014057328999618867
2013-05-17,0.0007201792271622764,0.0,0.0008747344444474337,0.0010835893401393015
2013-05-20,-0.0031822590266154306,0.005474532366729334,-0.007681594795730162,-0.000757907322757656
2013-05-21,-0.0006698376595911215,0.0026304115285748163,0.0023132514567810293,0.00021440424065625194
2013-05-22,-0.011607559309515226,-0.0001,-0.0018310717653382325,-0.007774814526748264
2013-05-23,0.0025809470426449875,-0.0037352693916769208,0.002456052306694989,-0.00042489473594999863
2013-05-24,-0.011176427864037598,0.0009241268027196492,-0.006284127427384845,-0.0001
2013-05-27,-0.007900308793352916,-0.005356313229408438,0.003150905315377406,0.0
2013-05-28,-0.0009308837890692368,0.0016015153806847372,-0.0006308837890692364,0.0
2013-05-29,0.013319030626719209,0.004805899444647199,0.0061422331007336736,0.0
2013-05-30,-0.007834646998282336,-0.0007585184918961984,-0.006612444541045925,-0.00132220245723641
2013-05-31,0.003174242644947789,-0.007883465322758942,0.001793072047989863,-0.0001
2013-06-03,0.010736419338931148,0.0010683898723755747,0.01144916958793396,-0.0008127502490028138
2013-06-04,0.0003767218842780862,-0.002634890918978916,-0.0038860465047373394,-0.004975202901066655
2013-06-05,0.0004494710728988771,-0.0008425839410693414,-0.0010466380500173678,-0.0013432192265498855
2013-06-06,-0.0020454565713181384,0.006000916223872554,-0.002357903710283149,0.00021244713896501074
2013-06-07,0.003923701161329019,0.0006791544755816116,0.003622389082433131,-0.0006782900547082082
2013-06-10,0.004395566141444251,-0.003107943881442021,0.007527426587895158,0.0027865312302050916
2013-06-11,-0.014287369724124787,0.002176750169835806,-0.005659854273719245,-0.005939371362978707
2013-06-12,0.004247620110425831,-0.001136587237298725,0.0021668889603433605,-0.0001
2013-06-13,-0.010261720308572152,0.003894539174602185,-0.007194819163848254,0.0
2013-06-14,0.002848624640337949,-0.005527595367059468,0.00634830085097855,0.0
2013-06-17,0.00763804676175508,0.0006016036155260807,0.006551342441925101,0.0
2013-06-18,0.0005942104076833487,-0.005324805362675211,0.00222047073406102,0.0033684779750082217
2013-06-19,0.00698969358750603,0.0011079901311321083,0.0016036921114862546,-0.0008505378643319684
2013-06-20,0.009444422233893102,0.002437240976853594,0.000842566290734581,0.003357523010512409
2013-06-21,-0.0011320928842495138,0.011494861239068043,-0.00648374131258439,-0.0029591962950604733
2013-06-24,0.011035202253078014,-0.0001,0.013216762476669475,-0.0001
2013-06-25,0.0018398387421980412,0.0,-0.0006607848630444168,0.00047786822634939837
2013-06-26,-0.0022760841768272753,0.0,-0.0017018769973705216,0.00289591769526818
2013-06-27,0.002341984385921858,0.0,0.004124129684049205,-0.0008779616955250091
2013-06-28,0.0035963863880317027,0.0,0.00514543031080641,-0.0001
2013-07-01,-0.004815903137095412,4.477112043174145e-05,0.0011931893567414642,-0.00244829277292844
2013-07-02,-0.003729104576239295,-0.006869686879701353,0.002940582303462058,0.0018637189049161118
2013-07-03,-0.005502386498696743,0.0038458263547354044,-0.009348212853432148,-0.0026029999083688306
2013-07-04,0.004729751627321721,0.006238767781130394,0.005582977249995458,-0.0001
2013-07-05,-0.0006997503712416808,0.006976215467590785,-0.0017769465458322476,0.006115428996647842
2013-07-08,0.0029570901497274924,0.0014253910971426809,-0.0018916222973227592,0.00282253731811668
2013-07-09,-0.011829086900303109,-0.009414164392381075,-0.003840535794144473,0.005373628598236602
2013-07-10,-0.0028428453075195594,0.00865540523104178,0.006418041308394007,-0.0022373639226477724
2013-07-11,0.00016083666517383577,0.000581774816805425,0.00036083666517383595,-0.0001
2013-07-12,0.0074757853164516995,0.00023318948553228153,0.006194157991985127,0.0031216458066152587
2013-07-15,-0.007025750141123633,-0.0017004971945523417,-0.006999165929905149,-0.004472076460429552
2013-07-16,-0.004066405149794427,0.0047819108110424445,-0.009753013851387294,-0.0001
2013-07-17,-0.0006420730338526304,-0.0001,-0.002641593525099695,0.0
2013-07-18,-0.002081677785522551,0.0021534353877964985,0.005784127724859767,-0.0028661922777202587
2013-07-19,-0.0005128819999721479,0.0014684937338070858,0.0032462012972997558,-0.0001
2013-07-22,0.00436123212922519,0.004237605799637634,0.0036444992718849267,0.000858744521500332
2013-07-23,0.0006747913110422221,-0.00030000000000000003,-0.0027148173402646416,-0.0015964112262007557
2013-07-24,-0.011860954094122977,0.0,-0.0030399118134267987,-0.0001
2013-07-25,0.005060537652725783,0.006432840081918812,-0.002678959314090834,0.0
2013-07-26,0.0034382670146061224,-0.0001,0.0017299594273121333,0.0
2013-07-29,0.013319389676954086,-0.0014173976608993556,0.006907902857853298,0.0
2013-07-30,-0.0035233436069946667,-0.0030686768607206317,-0.0017651741773425877,0.0
2013-07-31,0.003912912517470046,0.004305640813968425,0.0060570951022618225,0.0
2013-08-01,-0.005690574874684673,-0.0024052753354158797,-0.002448667875036348,0.0
2013-08-02,0.007687296771282315,-0.0019190838066209359,-0.004640214490194317,0.0
2013-08-05,-0.004963792037426307,0.004033388858982123,0.0008559595771164164,-0.0008788418996474534
2013-08-06,0.006241358551241849,-0.004626547545381943,-0.0013669017061433975,-0.0037745640305418605
2013-08-07,-0.002289371393708983,0.00024122896999528861,-0.0021277999996571094,-0.0031414242832642604
2013-08-08,0.0018306675216089973,0.0026699037990080554,0.0036099668220224814,0.0010035217483400304
2013-08-09,-0.012434968231004373,-0.0024404970802991864,-0.005969880601151667,-0.0021868361851294926
2013-08-12,-0.0010041562136896775,-0.0001,0.00735912773498879,-0.0001
2013-08-13,-0.007690360153754639,0.0,-0.007490360153754638,0.0
2013-08-14,-0.005801022115917276,-0.005888751693715155,0.0045211505639119135,0.0
2013-08-15,0.003909842791670848,0.005190829358747218,0.004209842791670848,0.0
2013-08-16,-0.004660753613428781,-0.0001,-0.006213630156022343,0.0
2013-08-19,7.499037735593239e-05,0.0,0.00017499037735593248,0.0
2013-08-20,0.002246616486995956,0.0013881866198267256,0.002246616486995956,0.0
2013-08-21,0.006592348791697877,-0.002311401988288031,0.006592348791697877,0.0
2013-08-22,-0.0015791869427039362,-0.0001,-0.0015791869427039362,0.004108387168343242
2013-08-23,-0.004971300815939617,-0.0025720146225082785,-0.004971300815939617,0.0027709502758266336
2013-08-26,-0.0028600569445612956,-0.0038282194895082446,-0.0028919636573996542,0.0003711551788147638
2013-08-27,0.004914596537757876,-0.0013866899489812568,0.003990457539363135,-0.004092883011148296
2013-08-28,-0.006630185288696766,-0.004752619459357699,-0.006777419840433385,-0.0001
2013-08-29,-0.01094756749750143,-0.009903224253399656,-0.01137060821160627,0.0
2013-08-30,0.008451278751052716,0.003373658930869161,0.00588613846293784,0.0
2013-09-02,0.00145498532107744,0.00632420259003319,0.00016865952808584606,-0.0002424896240427076
2013-09-03,0.0019752949686686395,-0.007160484173037907,0.004933372725680773,-0.0001
2013-09-04,-0.002520320790385433,6.663400469308911e-05,-0.002420320790385433,0.0
2013-09-05,0.002379390672780013,-0.0030032866810481675,0.002379390672780013,0.0
2013-09-06,-0.009585648154755311,-0.004522650987961119,-0.009585648154755311,0.0
2013-09-09,0.0033959530516225467,0.005805786902594823,0.0033959530516225467,-0.0012693710111791102
2013-09-10,0.0043274926995808816,-0.003269846704536139,0.0043274926995808816,-0.0001
2013-09-11,0.001363022632928379,0.006110173364007288,0.001363022632928379,-0.001983063380071326
2013-09-12,-0.0077423310951244325,-0.0001,-0.0077423310951244325,-0.003268682509303578
2013-09-13,0.011104786557292901,0.0,0.011104786557292901,-0.0001
2013-09-16,-0.0006659760927530733,0.0,-0.0006659760927530733,0.0
2013-09-17,0.0019297324760972011,0.0,0.0019297324760972011,0.0
2013-09-18,-0.003039245478232466,-2.7849716128891448e-05,-0.003039245478232466,0.0
2013-09-19,0.0022161325573886613,-0.0001,0.0022161325573886613,0.0
2013-09-20,-0.005516899595981872,0.0,-0.005516899595981872,0.0
2013-09-23,-0.0038030991840573014,-0.0008615095616560375,-0.0038030991840573014,0.0
2013-09-24,-0.0004508301482956778,-0.0011618173624167838,-0.0004508301482956778,0.0
2013-09-25,0.003976564238499436,-0.0001,0.003976564238499436,0.0
2013-09-26,-0.0004440627728797608,-0.0017577880726862393,-0.0004440627728797608,-0.0032410813531320247
2013-09-27,0.0006753363519987233,0.0022914595865485944,0.0006753363519987233,-0.0001
2013-09-30,-0.00047612211514833633,-0.0001,-0.00047612211514833633,0.0027869202922743306
2013-10-01,-0.006126180468355558,0.0,-0.006126180468355558,-0.008037482622055215
2013-10-02,-0.002878451901268031,0.0,-0.002878451901268031,-0.0001
2013-10-03,-0.007427528319576005,0.00028875810627861933,-0.007427528319576005,0.0
2013-10-04,0.004025829095898703,0.00412958586406238,0.004025829095898703,0.0
2013-10-07,0.005789938525942562,-0.005543225530570195,0.005789938525942562,0.0
2013-10-08,-0.005886131356685587,-0.004335054772359348,-0.005886131356685587,0.0
2013-10-09,5.638335915840731e-05,0.0018404008742321175,5.638335915840731e-05,0.0
2013-10-10,0.004628252274509137,0.0011828249156263795,0.004628252274509137,0.0
2013-10-11,0.006813342199070949,-0.005334926771112458,0.006813342199070949,0.005957463082903824
2013-10-14,0.009407711136290086,-0.003437829241767698,0.009407711136290086,0.004538043273453285
2013-10-15,-0.0007459895541085837,-0.005226118149994741,-0.0007459895541085837,-7.764115851183195e-05
2013-10-16,0.002806800268001286,0.001854302582335521,0.002806800268001286,-0.0001
2013-10-17,0.008948777318283651,-0.0037357236329848666,0.008948777318283651,0.0
2013-10-18,0.0025040371327644806,-0.0033365879111880935,0.0025040371327644806,0.0016672438675151447
2013-10-21,0.001031914906381215,0.002830504129360234,0.001031914906381215,-0.0002539754994434817
2013-10-22,-0.008798132977434259,-0.0034947529710793956,-0.008798132977434259,-0.0001
2013-10-23,-0.00110561953902375,-0.0001,-0.00110561953902375,0.0
2013-10-24,0.0035903667406083526,0.0011084137763427092,0.0035903667406083526,-0.0002880191725293301
2013-10-25,0.008431615823137584,-0.003092716900398351,0.008431615823137584,-0.0001
2013-10-28,0.0013052194919098924,-0.005730142329390242,0.0013052194919098924,0.0029155719935252456
2013-10-29,-0.006700869583487768,0.008957755762844443,-0.006700869583487768,0.00664285460433911
2013-10-30,0.0007212436838842651,-0.0014603306269001415,0.0007212436838842651,-0.0039321348225839214
2013-10-31,-0.007493239448748268,0.0012081310879157314,-0.007493239448748268,-0.0001
2013-11-01,0.002622150081601227,-0.0001,0.002622150081601227,0.0
2013-11-04,0.00946799926031967,0.0045574247765657,0.00946799926031967,0.0
2013-11-05,-0.005008492509368345,-0.0001,-0.005008492509368345,0.0
2013-11-06,-0.004807264549437118,-0.006721648391793044,-0.004807264549437118,0.006475301955187862
2013-11-07,-0.0022464665879447176,0.004800147943023169,-0.0022464665879447176,-0.004166855741927211
2013-11-08,-0.004048267661974791,-0.0031409794319795514,-0.004048267661974791,-0.0002
2013-11-11,0.0023188013587325585,-0.004580929165555492,-0.003376699873841882,0.0010042292917136098
2013-11-12,0.0008683286651929523,-0.008521191931346206,0.002372272023263844,0.004623797174868294
2013-11-13,-0.0003203513096982524,0.009709549668968387,-6.041711564914731e-05,-0.003100167761092387
2013-11-14,0.006596096662720275,0.006626330905645517,0.009688570806843133,-0.0001
2013-11-15,0.0004770974167197406,-0.004649412419778165,0.0005770974167197407,-0.0015552028473119761
2013-11-18,0.0038816792634942974,-0.006425103526610876,0.0038816792634942974,-0.0001
2013-11-19,0.0004951121038461181,-0.001622528950729052,0.0004951121038461181,-0.0012235436970410186
2013-11-20,0.003184630385822074,-0.0001,0.003208609318810196,-0.0001239789329881223
2013-11-21,0.004075870245355484,0.0,0.007622349417868412,-0.0021328998438783107
2013-11-22,0.005655260387518912,0.0024586440069804703,0.000292390807347398,-0.0002
2013-11-25,-0.0061187731679871234,-0.004978261749928992,-0.00739424137847835,-0.003944192849151262
2013-11-26,-0.00484754827480387,0.004377013161816656,-0.0027999070756522526,-0.0002
2013-11-27,-0.005503639671510618,-0.0002,-0.00015721806398614203,0.0
2013-11-28,-0.002009011946087336,-0.007004421451892262,-0.006933909347633649,0.0
2013-11-29,-0.0014993434746781499,-0.0030449233279267298,0.000578126520925637,0.0
2013-12-02,-0.001762076619048769,-0.0064076509192240285,0.0023301212075503173,0.0
2013-12-03,0.0024508167582559135,0.006233871914212918,0.0007403682770018127,0.0
2013-12-04,0.000440948986982348,0.004574579018416092,-0.0001033009283060382,0.0
2013-12-05,-0.003497272272243368,-0.002107320670854518,-0.007787043288506701,0.0
2013-12-06,-0.006348327593870873,-0.003732555683353378,-0.003806647534727614,0.0
2013-12-09,0.004615487779235749,0.0008081084896695234,0.0031406367801660394,0.0
2013-12-10,-0.003920473174470485,-0.00713942625861852,-0.010859899433089005,-0.0036402589575002973
2013-12-11,0.011380264769909798,0.0008142088433439221,0.014781834081162825,-0.0001
2013-12-12,-0.0014365652591398436,0.001667135873241432,-0.0006931996313522149,0.001293826082060867
2013-12-13,-0.00010629035479559068,-0.0004934870278520908,-0.0007792759538596261,0.0017292276502923088
2013-12-16,-0.0015179837968919863,-0.006457431191395158,-0.004864454233929938,0.002255674650330075
2013-12-17,0.008889336698241036,-0.0033658495596035507,0.006508109895786718,0.0037926272390150116
2013-12-18,-0.0018725468533221435,-0.00023296776137325938,0.00098651981343445,0.00266568154348934
2013-12-19,0.003865246590231175,0.008970872069922631,0.0001635039098901725,0.001048090173591376
2013-12-20,0.005025259718978025,-0.001272257439086022,0.0017663559786662343,-0.0002987274817312535
2013-12-23,-0.005499000708299251,0.0065916115866771815,0.0008332114505158917,-0.0001
2013-12-24,0.0036222389665195643,-0.0001,0.0017757143567353139,0.0
2013-12-25,-0.008444132083304346,0.0,-0.007195508890914515,-0.007829591832079397
2013-12-26,-0.002179747992804759,0.0,-0.0009895345938892186,-0.0001
2013-12-27,0.0021243467864597632,0.0,0.00603559012548982,0.0
2013-12-30,-0.005014439868441056,0.000164119425795284,-0.00493004437391571,-0.005705987056723571
2013-12-31,0.002215246355053735,-0.004837363173063247,0.002215246355053735,0.001650776618244021
2014-01-01,0.0017139087218724703,8.599124047539152e-05,0.0017139087218724703,0.0003312018583047305
2014-01-02,0.00979939573012425,0.004113749248011789,0.00979939573012425,0.002916386058600873
2014-01-03,0.006814266053444706,0.001037058046057582,0.006814266053444706,0.0054412956679313566
2014-01-06,-0.003012017797258082,-0.0001,-0.003012017797258082,-0.0010540802620512047
2014-01-07,-0.0037479786528468173,0.0,-0.0037479786528468173,0.0008426848231844253
2014-01-08,0.0030903409239584788,0.0,0.0030903409239584788,0.006166267431293049
2014-01-09,0.002167282929811254,-0.0011700768098065085,0.002167282929811254,0.003537309624370222
2014-01-10,0.009633171403188067,0.005288626059096535,0.009633171403188067,-0.004179262703763897
2014-01-13,-0.0007920714818935526,0.0030392826581055353,-0.0007920714818935526,0.0008420898361744423
2014-01-14,0.002703592394375498,0.002417144736061161,0.002703592394375498,0.0009391256991193142
2014-01-15,-0.005721843504276136,-0.006396209607957693,-0.005721843504276136,0.0017334638332930918
2014-01-16,0.0002828697888771492,0.00036802660129593435,0.0002828697888771492,-0.0005632397874319794
2014-01-17,0.0011855653048751247,-0.007407763397663858,0.0011855653048751247,-0.0001
2014-01-20,-0.004523560922895897,-0.004629931431564938,-0.004523560922895897,-0.0019482423835866514
2014-01-21,-0.005920919868948294,-0.0009610389533233121,-0.005920919868948294,-0.0001
2014-01-22,-0.007550963149975188,-0.013508909278013103,-0.007550963149975188,0.0
2014-01-23,0.007512038142785204,0.0023182028043112423,0.007512038142785204,0.0
2014-01-24,-0.003117540848817835,0.0006660503664174812,-0.003117540848817835,0.0
2014-01-27,-0.0011924580532397312,-0.0006966541062750409,-0.0011924580532397312,0.0
2014-01-28,-0.0007578937549386877,-0.00024073616950320842,-0.0007578937549386877,0.0
2014-01-29,-0.005666343736624202,-0.001550310262877741,-0.005666343736624202,0.0
2014-01-30,-0.002321891964527345,0.0003997967552391792,-0.002321891964527345,0.0
2014-01-31,0.003692834249716803,-0.0026242718263945084,0.003692834249716803,0.0
2014-02-03,-0.003847416975166618,-0.003998196568891365,-0.003847416975166618,0.0
2014-02-04,0.010734654270041211,-0.003215799188863733,0.010734654270041211,0.0
2014-02-05,-0.004468459097503219,-0.004631968150315535,-0.004468459097503219,0.0
2014-02-06,0.00745144619118121,0.0010684089242964823,0.00745144619118121,0.0
2014-02-07,-0.0024394958896166276,0.0007291657277966213,-0.0024394958896166276,0.0
2014-02-10,0.0005447452573561273,-0.0001,0.0005447452573561273,0.0
2014-02-11,-0.011576048154393814,0.0,-0.011576048154393814,0.0
2014-02-12,-7.477344255162333e-05,0.0019217059894455213,-7.477344255162333e-05,0.0
2014-02-13,0.00318246574734532,-0.002315498023137763,0.001066967724207557,0.0
2014-02-14,0.004601999933051592,-0.005094940750381726,0.001515182411166016,0.0
2014-02-17,0.0032346110761520388,0.00033385840700294044,0.004692814969523606,0.0
2014-02-18,-0.00265152404557758,0.0022358177158797064,-0.004470334705744139,-0.000180308312449362
2014-02-19,0.008142685250047688,0.0018690009418055875,0.010111686191853275,-0.0001
2014-02-20,0.007238700418975519,-0.0001,0.011277322180937776,0.0070387004189755185
2014-02-21,0.0007070884266726418,0.0,0.0012078629293122533,0.0007070884266726418
2014-02-24,-0.0019213851318611974,0.0,-0.007566452083409581,-0.00071564881033207
2014-02-25,0.0022445416586651225,0.0,-0.00045632470111640623,-0.0001
2014-02-26,0.0019311651190307532,0.0,0.005295178561193747,0.0005053363776711506
2014-02-27,0.006257388042777734,0.0,0.0052829947467013085,0.006157388042777734
2014-02-28,-0.0005885345720315849,0.0,-0.0035612315798165596,-0.0005885345720315849
2014-03-03,-0.001195919285290148,-0.00045491811407035723,-0.001295919285290148,-0.0017050624707434347
2014-03-04,-0.0009893550529525674,-0.0001,-0.0009893550529525674,-0.0001
2014-03-05,0.007766289566384721,0.0,0.007766289566384721,0.0010602599415467373
2014-03-06,0.005142448416576251,0.0,0.005142448416576251,-0.002247232668174748
2014-03-07,0.001022220562610654,0.0,0.001022220562610654,-0.00015085901464388912
2014-03-10,0.0006095005512570806,0.0,0.0006095005512570806,0.002090457333334417
2014-03-11,0.005408983144520629,0.0,0.005408983144520629,0.0063995464898270234
2014-03-12,0.003838450995884868,0.001743696412003215,0.003838450995884868,0.001067587867407438
2014-03-13,-0.0021437878411580515,-0.006890566524592523,-0.0021437878411580515,0.0008628766899730913
2014-03-14,0.0013865079766507415,-0.006980366479164257,0.0013865079766507415,-0.004803183588827231
2014-03-17,0.002914745674611341,-0.007829493148428268,0.002914745674611341,0.0016849181167999494
2014-03-18,0.000283008893697434,0.011333219975013176,0.000283008893697434,-0.0003205051840427187
2014-03-19,0.007985208573778957,0.004098350791053096,0.007985208573778957,-0.0001
2014-03-20,-0.0022303479890738442,0.0012370058576541497,-0.0022303479890738442,-0.0024303479890738443
2014-03-21,-0.007523099751224849,-0.0008592485912817692,-0.007523099751224849,-0.005407790766260356
2014-03-24,0.0013365560469680072,0.00808119308762505,0.0013365560469680072,-0.0001
2014-03-25,-0.0036272741441267355,-0.0001,-0.0036272741441267355,0.0
2014-03-26,0.00942906064610054,0.002826845770851383,0.00942906064610054,-0.0008501283902789481
2014-03-27,-0.004641938778421317,-0.0049379881244705935,-0.004641938778421317,9.604934604927635e-05
2014-03-28,-0.0023165822766022747,-0.0020025861482081187,-0.0023165822766022747,-0.003720599089047949
2014-03-31,-0.0018337945962046299,-0.0035966418712312987,-0.0018337945962046299,-0.0002
2014-04-01,-0.0004276728510226757,0.0002629935214657375,-0.0004276728510226757,0.0010415241202633818
2014-04-02,-0.0020575662812682303,0.0026509242052708435,-0.0020575662812682303,-0.004135922141623704
2014-04-03,0.002313817674988572,0.001476891978375494,0.002313817674988572,-0.00030045534714431257
2014-04-04,0.0016928696818244715,-0.0001,0.0016928696818244715,-0.0001
2014-04-07,0.01681157944357653,0.0,0.006509171493619759,0.01049445456857081
2014-04-08,-0.0013892794360769623,0.0,0.00328301152928927,0.0017608199487533338
2014-04-09,-0.0025033995750259664,0.0,-0.002396873224639684,-0.003417210921024094
2014-04-10,-0.010715241304964462,0.0,-0.007234788381204349,0.004984605706742751
2014-04-11,-0.004049582620865455,0.0,-0.003533228818459655,0.001938353127881065
2014-04-14,-0.004628762467494418,-0.0010145520004817832,-0.0026670237879685256,-0.0014093181879460738
2014-04-15,-0.003400299624214287,-0.0016410443733941738,-0.003149992769890608,0.000323112831860173
2014-04-16,0.00540685846716662,0.00530685846716662,0.001826118255194853,-0.009345594229393994
2014-04-17,0.005431738967952238,0.001845957809508747,0.001945957809508747,-0.0002
2014-04-18,0.0016055406683707085,0.002517863852339508,0.0006478201347212886,0.0
2014-04-21,-0.002967389970994283,-0.00021083484557793408,-0.0029765625559083466,0.0
2014-04-22,-0.0020193163336112317,0.0015153591051127347,-0.0024557809974871557,0.0
2014-04-23,0.006387957625635909,-0.005902523109015023,0.0059197358865117344,0.0
2014-04-24,0.006889096050158671,0.0006833690671790738,0.006989096050158672,0.0
2014-04-25,-0.004649370698850708,-0.00026269719310625364,-0.004569875414315683,-0.00014034518221196492
2014-04-28,0.0001051236661903654,-0.013707776423940898,0.0002051236661903655,-0.0001
2014-04-29,-0.006634960740077689,-0.009344081849978725,-0.00177233930173184,-0.00751169403119305
2014-04-30,0.005033077529078634,-0.0011613794997466509,0.005133077529078633,-0.0002
2014-05-01,0.00373084566562083,0.0007443040117470767,0.00373084566562083,0.0
2014-05-02,0.000489859335828724,-0.00012875975550747932,0.000489859335828724,0.0005806124080523279
2014-05-05,-0.0018034223806010386,-0.005523445817962181,0.0034316780884136922,-0.005135100469014731
2014-05-06,-0.00048346085006581994,0.003050554847054965,-0.0003834608500658199,-0.0001
2014-05-07,-0.0004731243202209634,-0.0002,0.0008309896004897954,0.0
2014-05-08,-0.0020617454488218944,-0.0011707973351930856,0.008645229108583452,0.0
2014-05-09,0.0005661715834983983,-0.006875503055805821,0.0006661715834983984,0.00046617158349839834
2014-05-12,-0.001273720619226748,0.003528346336384702,-0.001273720619226748,-0.001273720619226748
2014-05-13,-0.003656647636257482,0.006072794808646964,-0.003656647636257482,-0.0026136290103156434
2014-05-14,-0.008953815474146998,0.0024211594264061053,-0.008953815474146998,-0.0001
2014-05-15,-0.0009641664678258666,0.00041401142897384846,-0.0009641664678258666,0.0
2014-05-16,0.003401675715081387,0.003101675715081387,0.003401675715081387,0.0
2014-05-19,0.0027200800988679275,0.006296592710152538,0.0027200800988679275,0.0
2014-05-20,0.0035247666074090358,-0.0001,0.0035247666074090358,0.0
2014-05-21,0.009888165713575602,0.0,0.009888165713575602,0.0
2014-05-22,0.003777056430077641,0.0024214373976905955,0.003777056430077641,0.0014847639327902561
2014-05-23,0.0020750090527626996,-0.0037391109563355007,0.0020750090527626996,0.0019750090527626994
2014-05-26,-0.0020112062923422157,-0.0022316034935677244,-0.0020112062923422157,0.00969358479278475
2014-05-27,0.0009939261507257101,0.001750624112795185,0.0009939261507257101,0.0010059457636307334
2014-05-28,-0.004144433208342457,-0.0001,-0.004144433208342457,-0.0005155548410429643
2014-05-29,-0.005710218510120058,-0.010863652000571534,-0.005710218510120058,-0.0001
2014-05-30,-0.0029014729032124766,-0.001308185296677844,-0.0029014729032124766,0.006410806113937973
2014-06-02,-0.0021006880233058745,0.0007244521941702997,-0.0021006880233058745,-9.342395653986202e-05
2014-06-03,0.005994530431569967,0.0005782185050107636,0.004148781580279948,-0.0001
2014-06-04,-0.002686232010594325,-0.008366757274596893,-0.010952989285191218,-0.004574129264272619
2014-06-05,0.006174361413201557,9.779599219417179e-05,0.006272157405395729,-0.0001
2014-06-06,0.003926242293857607,-0.004825000826241266,-0.0008987585323836589,0.0
2014-06-09,0.0019178430419847237,0.0024378389367814,0.0018178430419847236,0.0
2014-06-10,-0.0017415957953488715,-0.00035896402676929286,-0.0017415957953488715,0.0
2014-06-11,0.00601833994717047,0.0009901452462896642,0.00601833994717047,-0.007069480865498712
2014-06-12,0.0009634475969709566,-0.0001,0.0009634475969709566,0.002044716457295259
2014-06-13,0.008662599689907725,0.0,0.008662599689907725,0.0016666942470191404
2014-06-16,-0.00012960638030792281,0.0,-0.00012960638030792281,0.0018275035737554957
2014-06-17,-0.0018586514171523572,-0.007128777821118526,-0.0018586514171523572,-0.011272625316123042
2014-06-18,0.002438254286485342,0.005027030376770281,0.002438254286485342,-0.0002
2014-06-19,0.004022428624884555,0.002402171086582294,0.004022428624884555,-0.0025656557419077132
2014-06-20,0.0030637680588835314,-0.0001,0.0030637680588835314,0.003418832154042639
2014-06-23,0.0003540390287297246,0.0,0.0003540390287297246,-0.0001372094809264812
2014-06-24,0.00386130413260255,-0.0045749154437922605,0.00386130413260255,-0.0001
2014-06-25,0.002570466124981019,-0.0001,0.002570466124981019,0.002370466124981019
2014-06-26,-0.002590402860121843,0.0021394414536885066,-0.002590402860121843,-0.002590402860121843
2014-06-27,0.0010429041234136128,-0.0001,0.0010429041234136128,-0.0002
2014-06-30,0.0009234299010764335,0.0,0.0009234299010764335,0.0025771919348063555
2014-07-01,3.372936508849733e-05,0.0002360787508221552,3.372936508849733e-05,0.0010480267915536246
2014-07-02,0.006642170748153609,0.003970646589535276,0.006642170748153609,0.004767659357206755
2014-07-03,-0.001570620768191966,-0.0001,-0.001570620768191966,0.0011306370447601744
2014-07-04,0.0001859226617775711,0.0011850623468843025,0.0001859226617775711,-0.0025348932302442064
2014-07-07,-0.001158755996144656,-0.0001,-0.001158755996144656,-0.0001
2014-07-08,0.0025763021640459625,0.0,0.0025763021640459625,0.0
2014-07-09,0.002809535720839418,0.0,0.002809535720839418,0.0031539117981746025
2014-07-10,0.006056629163530625,0.0,0.006056629163530625,0.004426567268077886
2014-07-11,0.0033609028675280596,0.0,0.0033609028675280596,-0.002313709280810061
2014-07-14,0.0070620795211418395,0.0,0.0070620795211418395,0.0025591791688417743
2014-07-15,0.0018943980590558462,0.0,0.0018943980590558462,0.000826609145302859
2014-07-16,0.006027907224627471,0.0,0.006027907224627471,0.0036186756855554727
2014-07-17,-0.0043446074769512896,0.0,-0.0043446074769512896,0.0039035371437473932
2014-07-18,-0.0011692296225912168,-0.004582580490565669,-0.0014187734822362463,4.9543859645029534e-05
2014-07-21,0.005678063347888474,0.0035243787213830036,0.004589304987571952,0.0010887583603165218
2014-07-22,0.00794494187965844,-0.0033377889156293696,0.0005022967429753056,0.007442645136683135
2014-07-23,0.0029207500828536846,0.006753698858380374,0.0034589245806053714,0.0011699725724387267
2014-07-24,-0.0011141906973004656,-0.0001,-0.0023141592856360748,0.0032047767848859656
2014-07-25,0.006329336640198968,0.0,0.003363496702635538,0.0007967356195739961
2014-07-28,0.004362582337878273,0.0,0.0028880408537194312,-0.0024152478746237273
2014-07-29,-0.0008914596203434044,0.0,0.0045964344667833055,0.00265193519433683
2014-07-30,-0.011978807830452975,-0.00769328971478479,-0.0034735565131703617,-0.0035735565131703615
2014-07-31,-0.0073544515708307,-0.006568982561927561,0.001944834481080604,0.003297763811050458
2014-08-01,0.001650315839446126,0.0031250603828328117,-0.0007294369698513936,-0.0008685805724225393
2014-08-04,-0.012717277715382691,-0.013504116529041465,-0.0010544955330570095,-0.0001
2014-08-05,-0.005740490473430171,-7.022475869405956e-05,-0.0057702657147361116,0.0
2014-08-06,-0.002891742327022251,0.0010209011865039085,-0.0039126435135261595,0.0
2014-08-07,0.010409380537002555,0.008139878525820154,-0.0012876885878012167,0.0
2014-08-08,0.002709370915465259,0.001897119183175211,0.001664941637652162,0.0
2014-08-11,0.009090641315737068,0.005073695379763832,0.008184624345357338,0.0
2014-08-12,-0.008047272356526403,-0.0001,-0.005855062196753624,0.0
2014-08-13,-0.0067544752399809616,0.0,-0.0011579185005283544,0.0
2014-08-14,-0.011046752648462565,0.0012632162507753343,0.0035472935028492357,-0.005849875692238493
2014-08-15,0.006072181146484145,0.005280133380325869,0.006695545927911883,0.002204824774597858
2014-08-18,0.0049458072939774,0.004647047237776402,0.00017690341076175286,-0.0011753528954186355
2014-08-19,0.0026891617526751065,-0.0013364444626275285,0.004086170407448941,-0.0001
2014-08-20,-0.002786160854911279,-0.0008268199549989807,0.002604407370318862,0.0005007171600333816
2014-08-21,-0.0019042344901561536,0.01458575260091397,-0.0007655561003823586,-0.002995261935918858
2014-08-22,0.011462585334585173,-0.0001,0.004856704974038872,-0.0001
2014-08-25,0.002591415574405265,0.0,0.001605264403137263,0.0022516991375271522
2014-08-26,-0.0009549269847706432,-0.0049002770394287135,-0.002342048541559771,0.0011569831061209678
2014-08-27,-0.0038007308377417614,-0.0017319271324714558,0.0006509825479147358,-0.0017020165769680352
2014-08-28,-0.0018627694063739764,0.012404269755376207,-0.0016240459846647236,-0.0001
2014-08-29,0.010836463977114585,-0.0001,-0.0003326676146612195,0.00617218266200269
2014-09-01,0.0027485331915190424,0.0,-0.0011218094744933737,0.0006571139322701036
2014-09-02,-0.002266875847960015,-0.0014314857585624118,-0.003155868088810354,0.0007889922408503391
2014-09-03,0.008601563895883823,-0.0001,0.006720765100004367,0.0018807987958794569
2014-09-04,-0.0018196038005178882,0.0,0.0036395329913143206,-0.0066125858854439
2014-09-05,-0.011367079049816441,0.0,-0.008407961157525378,-0.0002
2014-09-08,0.005885644049654137,0.0,0.008362195730544109,0.0
2014-09-09,0.005618390094430492,0.0,0.003678578111535624,0.0023031549398363606
2014-09-10,0.0018366267638976863,0.0,0.005183307793756309,0.003253454513572995
2014-09-11,0.012443306788738239,-0.0012746090824686473,0.013617915871206887,0.0034479500738737847
2014-09-12,0.015088246359888747,-0.0001,0.015526280620594201,0.0022398381911147847
2014-09-15,0.014437160657332826,0.0,0.014980922250794504,0.009556822864799886
2014-09-16,0.009506431890557443,0.0,0.006916616070369685,0.0015714705969429143
2014-09-17,-0.0050169923727787944,0.0,-0.00542343102990035,-0.0034029543503295346
2014-09-18,-0.00424341275459712,0.0,-0.004869614586087767,-0.009520346936010981
2014-09-19,-0.005002979296307264,0.0,0.00014047174546580888,-0.005949172196568919
2014-09-22,-0.0022888124380821217,0.0,0.001551220067448167,0.0044980970531976585
2014-09-23,0.006627938412239298,-0.0032002578200375333,0.005425983412401148,0.00783952530445382
2014-09-24,0.006049575315672628,0.0003481617835115247,0.011840538408795398,0.0010845982681162436
2014-09-25,-0.00972808788714553,0.000907123210042593,-0.009628087887145531,0.0007268221637977579
2014-09-26,-0.0030208656181009317,-0.0012448495850639896,-0.0030208656181009317,0.0034009939937290844
2014-09-29,0.009840603725882247,0.0010796586480115722,0.009840603725882247,0.00011977258877693409
2014-09-30,0.0038220612081514725,0.002312785947929841,0.0038220612081514725,-0.00014832502394694912
2014-10-01,-0.017091426216040963,-0.004085545366907939,-0.017091426216040963,-0.007309243759743933
2014-10-02,0.0021411905189129055,-0.0028913160696541263,0.0021411905189129055,-0.0001
2014-10-03,-0.005336679023210733,-0.004136576197814723,-0.005336679023210733,0.0
2014-10-06,-0.016380416980753966,-0.0103751492005159,-0.016380416980753966,0.0
2014-10-07,0.00244358210322313,0.003998473238641354,0.00244358210322313,0.0
2014-10-08,0.0033624803706246986,0.004765970679692477,0.0033624803706246986,0.0
2014-10-09,0.005094777596167677,0.00897789276426314,0.005094777596167677,0.0
2014-10-10,0.015708355492630898,-0.0002,0.015708355492630898,0.0
2014-10-13,-0.009850403276192554,0.0005395664334621465,-0.009850403276192554,0.0
2014-10-14,-0.01055417526838227,-0.0015867385612237772,-0.01055417526838227,0.0
2014-10-15,0.002768202125328001,-0.009136810337312774,0.002768202125328001,0.0
2014-10-16,-0.01266814551197688,0.004951302477875119,-0.01266814551197688,0.0
2014-10-17,-0.0013460521498386945,-0.0025117659758018052,-0.0013460521498386945,0.0
2014-10-20,-0.0023816575789929796,-0.003873927397389587,-0.0023816575789929796,0.0
2014-10-21,-0.018985583864387267,-0.013359426908514882,-0.018985583864387267,0.0
2014-10-22,0.0040417486679648505,-0.00303212774407543,0.0040417486679648505,0.0
2014-10-23,-0.0042794078395429255,-0.0044098148475621105,-0.0042794078395429255,0.0
2014-10-24,0.0010529705126792743,0.0009794448384435773,0.0010529705126792743,0.0
2014-10-27,0.004953410329735219,0.004610251946230081,0.004953410329735219,0.0
2014-10-28,-0.004466363475789992,-0.004076851579263819,-0.004466363475789992,0.0
2014-10-29,-0.000737217273566082,-0.0002,-0.000737217273566082,0.0
2014-10-30,0.00024961551379698577,-0.002589000380895057,0.00024961551379698577,0.002020503068880941
2014-10-31,-0.006921048586399081,-0.0023756069900664257,-0.006921048586399081,0.0016447617552834525
2014-11-03,0.0026698104096973376,-0.007959519881265397,0.0026698104096973376,-0.0011866215979950301
2014-11-04,-0.006213351455422056,-9.017882951618539e-05,-0.006213351455422056,-0.0001
2014-11-05,0.016269962183060826,0.008980253697915063,0.016269962183060826,0.0
2014-11-06,0.011019421659798745,-0.0001,0.011019421659798745,0.0
2014-11-07,0.004309830360135103,0.0,0.004309830360135103,0.0009477130985202087
2014-11-10,0.004842622241174888,0.0,0.004842622241174888,-0.00031284327046905426
2014-11-11,0.003455074284383031,0.001819397851472704,0.003455074284383031,0.002158458601084523
2014-11-12,0.0012618505018895609,-0.0001,0.0012618505018895609,-0.004312890736962671
2014-11-13,-0.0016420981270390822,0.0012254621395508258,-0.0016420981270390822,-0.00331913852675082
2014-11-14,0.004591355214598125,0.003847931382907488,0.004591355214598125,-0.0001
2014-11-17,-9.770801655273332e-06,-0.0001,-9.770801655273332e-06,0.0
2014-11-18,-0.001241900197456891,0.0,-0.001241900197456891,0.0
2014-11-19,-0.01081796704401139,0.0,-0.01081796704401139,-0.010204626747446844
2014-11-20,-0.0024650743344011962,0.0006328266989659938,-0.0024650743344011962,-0.0002
2014-11-21,-0.0059076619776389895,-0.002979523378298721,-0.0059076619776389895,0.0
2014-11-24,-0.003436652094465997,-0.000718216622803658,-0.003436652094465997,0.0
2014-11-25,0.012637679479228137,0.011964866816914466,0.012637679479228137,0.0
2014-11-26,0.0013972380409988272,-0.004553433850298394,0.0013972380409988272,-0.00037915685991466434
2014-11-27,0.004658388903205158,-0.0001,0.004658388903205158,0.0002880732909094186
2014-11-28,0.008890039978793729,0.0,0.013542192277778708,-0.00465215229898498
2014-12-01,0.004590927855831939,0.0,0.004690927855831939,0.001418402847023037
2014-12-02,-0.005337727912622747,0.0,-0.005337727912622747,-0.0007649444842637521
2014-12-03,-0.005055209548719597,0.0,0.00022142544380525652,0.002757016358841502
2014-12-04,0.013672146630265825,0.0,0.013772146630265825,0.006630991618572368
2014-12-05,-0.0018682903056846279,-0.0012362666356746765,-0.0018682903056846279,-0.001995050958614819
2014-12-08,0.00134570263887428,-0.0001,0.00134570263887428,-0.00010845705645908801
2014-12-09,0.006924513464913906,0.0013949477971281765,0.008152349393219294,0.0028742043587327236
2014-12-10,-0.003659271624024185,0.0008142978171163939,-0.003559271624024185,-0.004397979626950921
2014-12-11,0.004100515850797293,-0.0001,0.004100515850797293,-0.0028429764055147968
2014-12-12,-0.0005542539740535313,0.0,-0.0005542539740535313,-0.0001
2014-12-15,0.009829347777903319,0.0,0.009829347777903319,-0.003021003018587687
2014-12-16,-0.015136959890300861,0.0,-0.015136959890300861,-0.009179821124769982
2014-12-17,-0.0077874656618590835,-0.003197362692296213,-0.0077874656618590835,-0.00654617039097023
2014-12-18,-0.008743690508510916,-0.0002112203431357762,-0.008743690508510916,-0.0001
2014-12-19,0.005485135485989656,0.0028856448809840172,0.005485135485989656,0.0
2014-12-22,0.005528227900192672,0.003164082387814726,0.005528227900192672,0.0
2014-12-23,0.005899800120722243,0.0057338985923740425,0.005899800120722243,0.0
2014-12-24,0.002910271530248543,-0.0008650262529048657,0.002910271530248543,0.0
2014-12-25,0.008424406662218376,-0.0001,0.008424406662218376,0.006704933430155102
2014-12-26,0.0038020447723616123,0.0,0.0038020447723616123,0.002872756928417064
2014-12-29,-0.00814422424912642,0.0,-0.00814422424912642,-0.004201686642516933
2014-12-30,0.004932286324674973,0.0,0.004932286324674973,0.002658541338149667
2014-12-31,-0.003905312474849265,-0.005014730718792071,-0.003905312474849265,0.0022238293114894337
2015-01-01,-0.0042046589571990145,-0.00021571879734361143,-0.0042046589571990145,0.0034370378331779693
2015-01-02,0.0012707121913130726,-0.007307171204490881,0.0012707121913130726,-7.198941266088888e-05
2015-01-05,-0.011592210164075268,-0.006698641790051063,-0.016882142731020445,-0.005391135418938852
2015-01-06,0.0037021162519444316,-0.0013514152113465738,0.005822067632798822,0.005134632886701263
2015-01-07,0.002740397982015175,-0.0021378485509709554,0.0004998842161577421,0.00018486850411649768
2015-01-08,0.003925259515068724,0.004649231504219564,0.005162657516934033,0.004497046296588847
2015-01-09,0.008319456440545181,0.014935113696887336,0.01602460177098085,0.0023898454803159552
2015-01-12,-0.004536997254557229,-0.0002,-0.005429895629146508,-0.004636997254557229
2015-01-13,-0.002738079341297284,0.0,-0.00981664222963805,-0.0002
2015-01-14,0.0024566601205684878,0.0,-0.0010408002142933803,0.0
2015-01-15,-0.008142875883479238,0.0,-0.012398156246337555,0.0
2015-01-16,-0.005742392279701058,-0.005732806698580018,-0.011375198978281075,0.0
2015-01-19,-0.006767329826519508,-0.0007911366321562086,-0.004645648625199894,0.0
2015-01-20,0.006166305638670222,0.003085041329388105,0.0031850413293881053,0.0
2015-01-21,0.003977328465511842,-0.005768637736287718,-0.005117780598937194,0.0
2015-01-22,0.0026279037669059147,0.005643728666464965,0.00600447523161658,-0.0010910585578458476
2015-01-23,0.0006944956963697124,-0.0005767658970461053,0.0019077297308085495,-0.0001
2015-01-26,-0.008343031648979671,0.001746424305752159,-0.004070303362006022,0.0
2015-01-27,0.0014611250317661084,0.0005511319188624686,0.002112256950628577,0.0
2015-01-28,0.00023804856691365118,-0.0001,0.003300749563311678,0.0
2015-01-29,0.010645631207660522,0.0,0.004022756666611627,0.0
2015-01-30,-0.0051823560374268714,0.0,0.004743667101047788,-0.004037451897324795
2015-02-02,0.009790076492679434,0.0,0.011962095572278963,0.0016221057663430073
2015-02-03,0.004003919461224514,0.0,0.005918606483288213,-0.0025742580571125663
2015-02-04,0.003355263695358923,0.0,0.005355014808820524,0.0028922516405653796
2015-02-05,0.0012647960223883148,0.0,-0.005463322342231925,-0.0030202354276864575
2015-02-06,-0.0025530314296729807,0.0018799383267091296,-0.0032808649939715107,-0.003326209687807036
2015-02-09,-0.010421403164075315,-0.0001,-0.011595207047100908,-0.0001
2015-02-10,0.01030597925609079,-0.003957052367323499,0.008326692697472904,0.0030142428403660106
2015-02-11,-0.0032628236446673674,0.004394317216890498,-0.008488517753883418,-0.0010539555609859973
2015-02-12,-0.0032057906667530165,0.0072508204621631765,0.0038237061521131377,-0.0001
2015-02-13,-0.0011820029636375518,-0.0010017111534272758,-0.002505777902657136,0.0
2015-02-16,0.0005341486537324358,-0.0014145894111201151,0.0005341486537324358,0.0
2015-02-17,-0.0008735113553495655,-0.0001,-0.0008735113553495655,0.0
2015-02-18,0.0001639726575059175,-0.0013771491931018453,0.0001639726575059175,0.0
2015-02-19,0.006656550000293882,-0.0030054172594095375,0.006656550000293882,0.0
2015-02-20,0.0008423160381620498,-0.003421589769766686,0.0008423160381620498,0.0
2015-02-23,0.005148027056319027,0.0009882853718050646,0.005148027056319027,0.00013029166719665815
2015-02-24,-0.0006774453672635739,-0.0002862304208642529,-0.0006774453672635739,0.0011096194016674498
2015-02-25,0.001606662430099237,0.006143988454091609,0.001606662430099237,-0.0020309518178746044
2015-02-26,0.0080434719874245,0.003571877088602593,0.0080434719874245,-0.0001
2015-02-27,-0.008014047417433634,-0.0003321488068812604,-0.008014047417433634,-0.007598850035202054
2015-03-02,-0.005053999607958315,-0.0001,-0.005053999607958315,-0.0001
2015-03-03,-0.003365503726327512,0.0,-0.003365503726327512,0.0
2015-03-04,0.009312953673650214,0.005051605939070292,0.009312953673650214,0.0
2015-03-05,-0.0007554641832489661,-0.0001,-0.0007554641832489661,0.0
2015-03-06,-0.0006689948516542365,0.0014433479270783312,-0.0006689948516542365,0.0
2015-03-09,-0.002807408385219268,-0.0001,-0.002807408385219268,0.0
2015-03-10,0.006175419365258783,0.0,0.006175419365258783,-0.001470439077935748
2015-03-11,0.0007349701280926046,-0.0023298007777702635,0.0007349701280926046,-0.0001
2015-03-12,0.0018395551845638459,-9.005568376498906e-05,0.0018395551845638459,-0.0013125841818172669
2015-03-13,-0.00846015209133628,-0.004529742581228668,-0.00846015209133628,-0.0001
2015-03-16,-0.003266702491230511,-0.010324903396388507,-0.003266702491230511,0.0
2015-03-17,0.005785821359303412,0.00414871914001651,0.005785821359303412,-0.000651818561180295
2015-03-18,-0.0017282576796959325,-0.008790241378586684,-0.0017282576796959325,-0.0007280744188088105
2015-03-19,-0.004713920314278486,-0.006777073053331095,-0.004713920314278486,0.002233813416525654
2015-03-20,0.007970703083887188,0.005643602778613121,0.007970703083887188,0.0002320525426907416
2015-03-23,0.0021625970368333467,0.0006529729717283385,0.0021625970368333467,-0.0019100209279892867
2015-03-24,0.0011412336109421829,-0.0038102473138761474,0.0011412336109421829,-0.0001
2015-03-25,-0.0013668088921502176,-0.008454296107753233,-0.0013668088921502176,-0.00519963295485869
2015-03-26,0.004965988674938382,0.0004938456350741749,0.004965988674938382,-0.0001
2015-03-27,0.003962926130760413,0.0037657149730441985,0.003962926130760413,0.0
2015-03-30,-0.005333636367046535,0.0026988426595168312,-0.005333636367046535,-0.008429893319746685
2015-03-31,0.007334049007878774,-0.0001,0.007334049007878774,-0.0002
2015-04-01,-0.0019515679080641223,-0.0033502793952059906,-0.0019515679080641223,0.0
2015-04-02,0.0046677405454185195,-0.005356215306980827,0.0046677405454185195,0.0
2015-04-03,0.0015636255647282437,-0.002143894920594491,0.0015636255647282437,0.00451915684901868
2015-04-06,0.0004282838736495265,0.006894252262571276,0.0004282838736495265,-0.0018104995948316827
2015-04-07,-0.0016940394480427611,-0.004512738170222974,-0.0016940394480427611,-0.0001
2015-04-08,-0.0029107978157719037,0.007804314926961942,-0.0029107978157719037,0.0
2015-04-09,0.000705092850075939,-0.0002,0.000705092850075939,0.0
2015-04-10,0.007664874392271892,0.004701764369815853,0.0037422224460964327,0.0
2015-04-13,0.00326811258471702,-0.0001,0.0020064533028657737,0.0
2015-04-14,-0.0009506165879150208,0.0,0.002872981097044569,0.0
2015-04-15,0.0019290818332534433,0.0,0.004129000864233801,0.001578365537527293
2015-04-16,0.0013425063894651368,0.0,0.0005146035548948324,0.0004146035548948324
2015-04-17,-0.00424681434188805,0.0,-0.0006765967465424793,0.0009687427169154606
2015-04-20,0.0003415170175789406,0.005818880845640117,-0.005577363828061177,0.0010037563753179212
2015-04-21,-0.006743889842201134,-0.0001,-0.007180667965534693,-0.002408471347748675
2015-04-22,0.0036963441803121054,-0.0007536228254997889,0.0023128898102561246,-0.0001
2015-04-23,-0.003021638074907784,0.0016082379221797449,0.0007952607907332432,0.0
2015-04-24,-0.0014351281295726492,-0.0001,0.0019420073358790812,0.0
2015-04-27,-0.0008851285672323517,-0.0012329237183679174,0.002060380363456016,-0.002352151364364141
2015-04-28,0.003180020247547599,0.00065151759723473,0.002228502650312869,-0.0001
2015-04-29,-0.0029747959363183975,-0.0010405024861752433,-0.0019342934501431542,-0.0010307430531735773
2015-04-30,-0.007966608671936182,-0.00933364966176925,-0.007866608671936181,0.002401553015000091
2015-05-01,0.0005084001032971353,5.141869823217515e-05,0.0005084001032971353,0.004281480759830014
2015-05-04,-0.0037435225539270813,0.003531157232139659,-0.004405889033589627,-0.003126469265531162
2015-05-05,0.01040477043194613,0.006321751976968571,0.005996621786808309,-0.0002
2015-05-06,0.0033753394057935092,0.0017540982108509961,0.003054721983819908,0.0
2015-05-07,-0.007004488885928972,-0.0001,-0.0033520447188929324,-0.005195254734239219
2015-05-08,0.0005569091110273816,0.0,0.0006569091110273817,-0.0001
2015-05-11,0.016890926347772773,0.0,0.0116120839176443,0.0
2015-05-12,-0.0073619301031500935,0.0,-0.005273368226940267,0.00037412026271091967
2015-05-13,-0.008986365512627381,0.0,-0.008886365512627382,0.0010539516403273333
2015-05-14,0.0012625695893327515,0.0,0.0012625695893327515,0.0007803265126271608
2015-05-15,0.01387759301566328,0.0,0.012552867132111433,0.008691691943675962
2015-05-18,0.0014431246695611466,0.0006070223955734978,0.0015431246695611466,-0.004067478409186876
2015-05-19,-0.0027903384188910476,-0.0008342154060149598,-0.0027903384188910476,0.004056845869170445
2015-05-20,0.002568399739460614,0.0010303197869752534,0.002568399739460614,-0.0013802985647432431
2015-05-21,0.010538064430207373,-0.0001,0.010538064430207373,-0.0001
2015-05-22,-0.0027561943239527986,0.0,-0.0027561943239527986,-0.005072349131464193
2015-05-25,0.011068354331038055,0.0,0.011068354331038055,0.0030457944703692454
2015-05-26,0.006678363953548694,0.0,0.003656269333163276,0.0030841185243767446
2015-05-27,-0.0071889270041257,0.0,-0.005907464671471407,-0.001493760362457086
2015-05-28,-0.0025048344491450216,0.0,-0.0011112221631540686,-0.0017869600238657802
2015-05-29,-0.0021908572107459,-0.0018000000708767838,-0.005560444371901285,-0.003438444710515731
2015-06-01,-0.008289937328566732,0.000497684639650986,-0.003976760104199251,-0.004513177224367481
2015-06-02,-0.0020595567160847316,0.002729018542754813,-0.0017836614138408535,-0.0001
2015-06-03,-0.005881186172711017,-0.0013266963051165371,-0.005781186172711017,0.0
2015-06-04,0.0013933494613745712,-0.0024321393583236818,0.0013933494613745712,0.0008890228056596227
2015-06-05,-0.012619768747902382,-0.006725663717487174,-0.012619768747902382,-0.005304860755312823
2015-06-08,-0.0012536557697383933,-0.007035995764177849,-0.0012536557697383933,-0.0001
2015-06-09,-0.00016050640083105084,0.0051923926462804195,-0.00016050640083105084,0.0
2015-06-10,0.002193239269632996,-0.012480724954503808,0.002193239269632996,0.0
2015-06-11,0.0016625388026464405,0.005977419810469375,0.0016625388026464405,-0.0007446836690993108
2015-06-12,-0.0014030482015151557,-0.003135294980376735,-0.0014030482015151557,-0.0001
2015-06-15,-0.0035411894120132457,-0.0012208184006857747,-0.0035411894120132457,0.005969975424136864
2015-06-16,-0.00031979219471223175,-0.0002,-0.00031979219471223175,-0.0010848760172470606
2015-06-17,-0.0016790617050294276,0.0,-0.0016790617050294276,-0.0001
2015-06-18,0.0033504543428523716,0.0032183552352700205,0.0033504543428523716,0.0005236427027725089
2015-06-19,-0.006576982401945352,-0.0001,-0.006576982401945352,0.0005339735157843251
2015-06-22,-0.0028647635339058785,-0.000816560249813536,-0.0028647635339058785,0.007512846092633562
2015-06-23,-0.002476565250291829,0.0005581685625373534,-0.002476565250291829,-0.0060984239326549615
2015-06-24,0.001528385964388046,0.003613158121224591,0.001528385964388046,-0.0001
2015-06-25,0.0094387827771785,-0.0022878093976336777,0.011301664262368538,0.0
2015-06-26,-0.0018206464422601209,0.0004636464533568585,-0.0019903886671202463,0.0
2015-06-29,-0.00153296711211669,-0.0001,-0.002253668807033349,0.0008383438726977998
2015-06-30,-0.0010470738601439766,0.0013006827064484638,0.003195903772955777,-0.003109152167967988
2015-07-01,0.0016506905867251342,-0.0001,-0.0007892182018942817,0.003753069587480051
2015-07-02,0.0028558379372325415,-0.0014855946166981604,0.002121731404645599,0.0006768674190795298
2015-07-03,0.0048635863971032926,0.003084215355623465,0.00022339154300561327,0.0016793710414798268
2015-07-06,0.004888342693627734,-0.002622136342180781,-0.0026524620078774317,0.0016816703264241005
2015-07-07,0.00069924185948681,-0.0001,0.0045243427706987745,-0.0006166941699147887
2015-07-08,-0.005320819167582913,0.0,0.0026615055628245177,0.0024330168070546667
2015-07-09,0.002953013556351125,0.004256378783155534,-0.00030211335025664976,-0.006434126581363586
2015-07-10,0.008016827873099642,-0.0001,0.007052749199063202,-0.0002
2015-07-13,-0.00244593917702447,0.0,-0.003920692138425075,0.0
2015-07-14,0.0031933923790786966,0.0,-0.0018243466516387973,0.0
2015-07-15,0.008724159538840138,-0.00335598289652802,0.00045174311926754473,0.0
2015-07-16,-0.0021734530917653315,0.002574266060554997,0.0003008129687896655,-0.0030910774803246223
2015-07-17,-0.008153750803253068,-0.0001,-0.010267903390308942,-0.0002
2015-07-20,-0.0031934466450178832,0.003233123149699979,0.0001396765046820958,0.0
2015-07-21,0.011166051377238783,-0.0001,0.014647185725307743,0.0
2015-07-22,-0.015953412971749414,0.0001804803421540214,-0.01639762330454142,0.0
2015-07-23,0.0024549592549605093,0.009654532836642549,0.003859747657878265,0.0
2015-07-24,-0.008683330336994265,-0.0001819190116785439,-0.010672633572725475,0.0
2015-07-27,-0.005290999809411012,0.0069159262649386875,-0.006238733335160252,0.0
2015-07-28,0.008855572875528406,0.002299689757517709,0.008755572875528406,0.0
2015-07-29,0.0021664504882315193,0.0017089299692973903,0.0021664504882315193,0.0
2015-07-30,-0.0071338474841383444,-0.0001,-0.0071338474841383444,0.0
2015-07-31,-0.0013020107756095856,-0.006798663677246364,-0.0013020107756095856,0.0
2015-08-03,-0.004370918554940695,0.003196509597993724,-0.004370918554940695,0.0
2015-08-04,0.004054199088447352,0.008693037830785266,0.004054199088447352,0.0
2015-08-05,0.007338809791753253,-0.0001,0.007338809791753253,0.0
2015-08-06,-0.0022349641214686857,-0.004449659036634357,-0.0022349641214686857,0.0
2015-08-07,0.008747057729805264,0.0029396676567421953,0.008747057729805264,0.0
2015-08-10,0.0008032734382082962,-0.0006191864403409018,0.0008032734382082962,-0.0030784397171904287
2015-08-11,-0.007767905852344126,0.0003795140642136374,-0.007767905852344126,-0.0001
2015-08-12,0.005959892154484714,0.0005096009136212664,0.005959892154484714,0.0
2015-08-13,0.001535951092229082,0.005096898149488905,0.001535951092229082,0.0
2015-08-14,-0.0031679365532591764,-0.0001,-0.0031679365532591764,0.0
2015-08-17,0.0022194857451888874,0.00026761495931014744,0.0022194857451888874,0.0
2015-08-18,-0.00667942917220774,-0.0001,-0.00667942917220774,-0.0011908167013916615
2015-08-19,-0.0006491238749789741,0.0038475032570603473,-0.0006491238749789741,-0.0001
2015-08-20,-0.00953850993927483,-0.0021562444566113337,-0.00953850993927483,0.00014129255036138274
2015-08-21,0.007134285988289491,0.002123772303778859,0.007134285988289491,0.004910513684510631
2015-08-24,0.003423803663190206,0.004699476127593439,0.008323279790783645,0.0024589676813040473
2015-08-25,0.007922920561904256,0.004482732807779088,0.008022920561904257,-0.0007440084108139677
2015-08-26,-0.002943767080493176,-0.0001,-0.002943767080493176,0.00935649165218414
2015-08-27,0.00229890986347836,0.0,0.00229890986347836,0.0009102539012888933
2015-08-28,0.017016331681463326,0.0,0.017016331681463326,0.010994355873013928
2015-08-31,-0.006712608945159837,0.0,-0.006712608945159837,-0.0038190098244371027
2015-09-01,-0.0015824284146634948,-0.006520955341944845,-0.0015824284146634948,-0.0001
2015-09-02,-0.0027998576333801983,-0.0036702147129163308,-0.0027998576333801983,-0.0015503934097992667
2015-09-03,0.008808374022859477,0.003133081325926579,0.008808374022859477,-0.000900093907262689
2015-09-04,0.007726946247643562,-0.003420949359356973,0.007726946247643562,0.00806395818459078
2015-09-07,-0.01718607637298488,-0.0014512103846286318,-0.01718607637298488,-0.01474465489404464
2015-09-08,0.0014670688355495677,0.0007850593631032688,0.0014670688355495677,-0.00030000000000000003
2015-09-09,0.0023727900837904993,-0.0001,0.0023727900837904993,0.0
2015-09-10,0.001936810929765853,-0.001985167547796085,0.001936810929765853,0.0
2015-09-11,0.0012720723405689415,-0.0001,0.0012720723405689415,0.0
2015-09-14,0.0006299603029645828,0.0004332968956408445,0.0006299603029645828,0.0
2015-09-15,0.010437916436102502,-0.0003498541142113675,0.010437916436102502,0.0
2015-09-16,0.008175159628504635,-0.0016867995489820542,0.008175159628504635,0.0
2015-09-17,0.0014524964347611747,0.0023730485131029156,0.0014524964347611747,-0.00041827251405622816
2015-09-18,0.0022557192073417998,-0.0001,0.0022557192073417998,-0.0001
2015-09-21,-0.01294148540017861,0.0,-0.01294148540017861,-0.010465370066028424
2015-09-22,-0.0010588397211380273,0.0,-0.0010588397211380273,-0.0001
2015-09-23,-0.014479557408205479,0.0,-0.014479557408205479,0.0
2015-09-24,0.007559843913655573,-1.4798970335994089e-05,0.0002852010296640062,0.0
2015-09-25,0.00022254080863177706,-0.0001685974566949298,0.00025394335193684725,0.0
2015-09-28,-0.003089311086540181,-0.0047851419917016025,-0.003660950956262843,0.0
2015-09-29,0.004050394917292088,-0.00037729347520195624,0.003773101442090132,0.0
2015-09-30,-0.0025106952607609977,-0.0002569072868909061,-0.0015671446477184992,0.0
2015-10-01,-0.006965669266591546,-0.0036691966390479,-0.007566708486198915,-0.002841038526124817
2015-10-02,-0.00824700926535189,-0.0037014209098845453,-0.011386368478918895,-0.0001
2015-10-05,0.007842433843245122,-0.00017636701766002842,0.0030473187229690833,0.0
2015-10-06,-0.0014678699500756177,-0.003769853406391588,-0.007553561729840741,-0.005919387526927911
2015-10-07,0.0034517370770345444,0.009257907164275058,0.007757578482641159,-0.0002
2015-10-08,0.0029806558189439114,0.0031510853854379906,0.006231741204381902,0.0
2015-10-09,0.004605800716839381,-0.004315145197710568,0.0002906555191288129,0.0
2015-10-12,-0.002466014605437006,-0.004173124560125474,-0.0032059364457939442,0.0
2015-10-13,-0.004647003883808787,0.0027419458012120203,-0.004747003883808787,0.0
2015-10-14,0.00461547772030535,-0.0009995309530960838,0.00461547772030535,0.0
2015-10-15,0.0085705348661278,-0.0001,0.0085705348661278,0.0
2015-10-16,0.0031645790866409174,0.0,0.0031645790866409174,0.0
2015-10-19,-0.0008658340886463778,0.0,-0.0008658340886463778,0.00013477099423647729
2015-10-20,0.006001601557438951,0.0,0.0028210972887281693,0.0035309905227471016
2015-10-21,-0.007718025752503399,0.0,-0.0028755828503052696,-0.008260259715272566
2015-10-22,-0.002586244235769719,0.0,-0.0035554499313152467,-0.0002
2015-10-23,0.0007423668652764226,0.004876220244054241,0.002813739629511103,0.0
2015-10-26,-0.004684799496399816,0.007198433966413708,-0.0012053990983866836,0.0
2015-10-27,0.0046979899077912776,-0.006886759888087424,0.004797989907791278,0.0
2015-10-28,-0.00020584435658683732,-0.005684365217537124,-0.00020584435658683732,0.0
2015-10-29,-0.0014225257005971326,0.0014694211688717651,-0.0014225257005971326,-0.003278339291687937
2015-10-30,0.006190754203956495,-0.001460545878262054,0.006190754203956495,-0.0001
2015-11-02,-0.0034313844466824063,0.000950261313980505,-0.0034313844466824063,0.0006024903710566632
2015-11-03,0.0065547740038681915,-0.0038892764307329798,0.0065547740038681915,-0.0016626320191111322
2015-11-04,0.0013102382222227149,-0.0012148463939735121,0.0013102382222227149,0.0016142404865165938
2015-11-05,0.003936462187524525,-0.0001,0.003936462187524525,0.008641260249333982
2015-11-06,0.004714972327975265,-0.005706191486835144,0.004714972327975265,0.004642451407667281
2015-11-09,-0.00204627212874533,-0.005108215377563019,-0.00204627212874533,-0.003060703823712063
2015-11-10,-0.0023528626880345406,0.0009625208637682014,-0.0023528626880345406,-0.0001
2015-11-11,0.003957380205213612,0.00038992209338845074,0.003957380205213612,-0.0030557988924186374
2015-11-12,-0.000637089409324898,-0.0034236630691474534,-0.000637089409324898,0.0027480916518601408
2015-11-13,0.00035509259939661144,-0.00041812766135886916,0.00035509259939661144,-0.0018153096644994982
2015-11-16,-0.005934642237205812,0.0023833330835414833,-0.005934642237205812,-0.0001
2015-11-17,-0.008132479169945417,-0.0001,-0.008132479169945417,0.0
2015-11-18,-0.003741899064207299,-0.0011143171589360068,-0.003741899064207299,0.0015749623652504651
2015-11-19,-0.010279606459960344,-0.011698936861013032,-0.011598936861013032,-0.0025020755462004996
2015-11-20,0.0018179636829901646,0.0015669163110008989,0.0015669163110008989,-0.0001
2015-11-23,-0.0033577292235467348,-0.0026699404129620465,-0.0026699404129620465,0.0
2015-11-24,-0.0033082069456699783,-0.003408206945669978,-0.008604406854688374,0.0024418665067379997
2015-11-25,-0.00098545583379257,-0.0061144987462898315,-0.006014498746289831,0.000511199872072332
2015-11-26,0.001345013813728979,0.0004097620633017662,0.0004097620633017662,-0.0015788672608184617
2015-11-27,-0.006615432001529098,0.0015268912313266437,-0.004988540770202454,-0.0001
2015-11-30,-0.008058823607533516,-0.006910689302000017,-0.006810689302000017,0.0
2015-12-01,-0.004933540716405327,-0.0019122180432234793,-0.0019122180432234793,0.0005411390566577247
2015-12-02,-0.009385612209075633,-0.005767421313324727,-0.004994217520589395,-0.002086306858801956
2015-12-03,-0.004475019439280836,-0.004575019439280836,-0.0027748879644218017,-0.0001
2015-12-04,0.007724725910120034,0.007251567886662669,0.0077167136580197585,0.0
2015-12-07,-0.004889776243812283,-0.0049897762438122824,-0.00820278749093537,-0.0002576630298557369
2015-12-08,0.0031576286072718673,0.0031576286072718673,0.00012147309548682372,-0.0001
2015-12-09,-0.0063389625142225015,-0.008368817922372151,-0.007815176414201153,0.0
2015-12-10,0.0014710660492569083,0.0025352875205815416,0.0024119433054807793,0.0
2015-12-11,-0.0014578630239018065,0.0006861887828740422,-0.0006716742410277643,0.0
2015-12-14,0.0076809241016295386,-0.00026150519688860057,-0.00016150519688860055,0.007913847992515766
2015-12-15,0.002171129325808141,-0.0002,0.0023155560156082,-0.0005896571582577392
2015-12-16,0.005896151229396018,0.0,0.010685194073011406,-0.0001
2015-12-17,0.003703612844458648,0.0,0.0017190505268269262,0.0
2015-12-18,0.00898905874517857,0.0,0.001680996718273864,0.0
2015-12-21,0.004096022986640668,0.0,-0.003428704559375917,0.007886902301326238
2015-12-22,-0.003240905504030378,0.0,0.0010958747508161392,-0.004197750587577565
2015-12-23,-0.0012132601997786763,0.0,-0.0044224821697030235,-0.0001
2015-12-24,-0.0003777486878822067,2.8842160497688595e-05,0.005710230285572581,0.0
2015-12-25,-0.0031792996653096763,0.002804642092767784,0.0012787074503149086,0.0
2015-12-28,0.009752804529627391,0.0017559187212696115,0.007796885808357778,0.0
2015-12-29,-0.009320151198499892,-0.002486201376174424,-0.010428107593214487,-0.009220151198499893
2015-12-30,0.006259498501807037,-0.0039385550894503905,0.006359498501807037,-0.0001
2015-12-31,0.0018377797951496077,-0.0010329293779639537,0.0018377797951496077,-0.00252895269827641
2016-01-01,-0.00226145863515097,0.002898722936083642,-0.00226145863515097,-0.0001
2016-01-04,-0.003765142875487337,-0.0001,-0.002730810223387925,0.0
2016-01-05,-0.0012046855149588475,-0.002755185976316876,-0.004915074842467626,0.0
2016-01-06,-0.006376967852228121,-0.0002,-0.005932811661342985,0.0
2016-01-07,0.0006139392246340858,0.0005139392246340858,0.006684431588913675,0.0
2016-01-08,0.00295877953417214,0.01194313670646241,0.01510191624063455,0.0030587795341721403
2016-01-11,0.007596369123162361,-0.0001,0.007696369123162361,0.0021517288906139687
2016-01-12,-0.0031123358151274204,0.0,-0.008892350049900055,0.002019330604437641
2016-01-13,-0.003615139177499871,0.0,-0.0004992365065906279,-0.0006279235780501824
2016-01-14,0.0013840847422841973,0.0,-0.0031765411996159234,0.003140870128400486
2016-01-15,0.004406279814209757,0.0,0.0032534281618670224,-0.0017398593493637704
2016-01-18,-0.005132369731146169,0.0,0.003157210534477195,-0.0002
2016-01-19,-0.0037396009964460798,-0.003290947719871806,-0.00010050463065272019,0.004748196874289845
2016-01-20,0.00385760136071297,0.004282528718303124,0.0008930783779931284,0.003720284233803395
2016-01-21,-0.000522504771666854,-0.0001,0.0027067670497729957,-0.0017020509193881317
2016-01-22,-0.00021339107965366857,0.0,-0.0024061562407702297,0.0021927651611165612
2016-01-25,-0.01343815229880917,0.0,-0.007537899650307089,-0.006503051370891843
2016-01-26,-0.012526834192793167,0.0,-0.013341179690502015,-0.003413685104523867
2016-01-27,0.00048827577467692735,0.0027264920558855432,-0.0004052428945953146,-0.0001
2016-01-28,0.006942518832401057,-0.008858572548282928,-0.007498131937856667,0.004405319916933015
2016-01-29,-4.511246873835084e-05,0.0034313064296352057,0.003486193960896855,-0.000986546866269844
2016-02-01,-0.006667780611812691,-0.005644119626915722,-0.006844417710217177,-0.0001
2016-02-02,0.0017074229034331422,0.004364147745553115,0.0017074229034331422,0.0
2016-02-03,-0.006113180582293898,0.008992992452309811,-0.0009003094660272826,0.0
2016-02-04,-0.000968982256590667,-0.00027629086087990176,-0.0008689822565906668,0.0
2016-02-05,-0.0026519748694625147,-0.0001,-0.0026519748694625147,0.0
2016-02-08,0.003148472479358666,0.0,0.0015098332062678521,0.0
2016-02-09,0.010104111349547506,0.0009868073755626816,0.0070593073177095626,0.0
2016-02-10,-0.009084513390943683,-0.004624801490828756,-0.005532350779907902,-0.006628971967350716
2016-02-11,-0.007559776532634288,-0.008994682196039761,-0.003147473534299672,-0.0001
2016-02-12,-0.004629633654410448,-0.0022869778351696903,-0.00416105813088159,0.0
2016-02-15,-0.005815669177481664,-0.0008869714438162646,0.0015734993281632192,0.0
2016-02-16,-0.005163987687117866,0.008259236811426773,-0.005063987687117866,0.0
2016-02-17,-4.0592414035245386e-05,-0.013506884403099106,-4.0592414035245386e-05,0.0
2016-02-18,0.0015187566841047052,0.0037948785240270676,0.0015187566841047052,0.0
2016-02-19,-0.0005696077997187299,-0.0014220178369435343,-0.0005696077997187299,-0.0011844842126934262
2016-02-22,0.003452303284903158,0.0024284128013850716,0.003452303284903158,-0.0001
2016-02-23,0.005481670627680124,0.0007379955428814422,0.005481670627680124,0.0
2016-02-24,-0.0017349137945666727,0.0013391831068919392,-0.0017349137945666727,0.0
2016-02-25,0.0011616506054856536,-0.0001,0.0011616506054856536,0.0
2016-02-26,-8.679625836186524e-05,0.0,0.0029104169987859583,0.0
2016-02-29,-0.0015080051955793095,0.0,-0.0014080051955793094,0.0
2016-03-01,-0.0024280539478337636,0.0,-0.0024280539478337636,0.0
2016-03-02,0.006710566211047153,0.0,0.006710566211047153,0.0
2016-03-03,0.0017724080947471687,0.0005783211267107792,0.0017724080947471687,0.0
2016-03-04,0.00532969102033991,0.0010978241680942968,0.00532969102033991,0.0
2016-03-07,0.0030046245389620642,-0.004220280409305488,0.0030046245389620642,0.0009124673814085105
2016-03-08,-0.0004910879879142405,-0.0001,-0.0004910879879142405,0.001365292109218108
2016-03-09,0.0034569748037822866,0.003950850075947998,0.0034569748037822866,0.005271551871509095
2016-03-10,-0.006318349395264944,0.00042611261564959866,-0.006318349395264944,-0.004326955912248453
2016-03-11,-0.0038701024728174495,-0.0002969914898864333,-0.0038701024728174495,-0.0001
2016-03-14,-0.0012752429447384528,-0.0001,-0.0027332343869269637,0.0
2016-03-15,-0.0020892791386075693,-0.005618605158298384,-0.0076078842969059535,0.0
2016-03-16,-0.00314445802619675,0.0041068185766275685,0.004206818576627569,-0.00550186174940267
2016-03-17,-0.0010859609736077248,-0.0021571202149235024,-0.0026164930237657646,-0.0001
2016-03-18,0.009899287722370554,0.003924958289209468,0.009999287722370553,0.0
2016-03-21,0.007021926290400859,-0.0001,0.007021926290400859,0.0036955874546558466
2016-03-22,0.004774212295613323,0.0,0.004774212295613323,0.003610611772387473
2016-03-23,-0.0005067823571218045,0.0,-0.0005067823571218045,-0.009218857197412634
2016-03-24,0.006561078428874811,0.0,0.006561078428874811,-0.0007821034519802202
2016-03-25,0.0017563825351568196,0.0,0.0017563825351568196,0.002548205620106869
2016-03-28,-0.006611973602155818,0.0,-0.006611973602155818,-0.003426746133166447
2016-03-29,0.002457257532293289,0.0,0.002457257532293289,-0.0001
2016-03-30,-0.00636412775752182,0.0,-0.00636412775752182,-0.0044059621028907925
2016-03-31,-0.00035854278302960285,-0.0012306030190293415,-0.00035854278302960285,0.0004720602359997386
2016-04-01,0.006111811402114276,0.0008092201303965041,0.006111811402114276,0.0025456259833843363
2016-04-04,0.0028108630886820364,-0.001572705449152767,0.0028108630886820364,0.003998976688430245
2016-04-05,0.0027367917740029556,0.00018229920192380789,0.0016756781234283035,-0.0026448488078878894
2016-04-06,0.00016035813337764716,0.005881825388532047,0.0029068396899551542,-0.0001
2016-04-07,-0.002309040201828727,0.004843214300453558,-0.002209040201828727,0.0
2016-04-08,0.0019254071640612102,-0.0001,0.0007390520765893083,0.0
2016-04-11,-0.0005712281502513016,0.0,0.0009875892961916488,0.0
2016-04-12,0.0065095256824788,0.0,0.0009667101998627192,0.0
2016-04-13,0.0017061779393790165,0.0,5.0475348256973085e-05,0.0015557025911220434
2016-04-14,0.0050468034581848675,0.0,0.005870909966266202,-0.0008241065080813348
2016-04-15,0.0004822161554126847,-0.0010334296852901991,0.0016585108828221173,-0.0006201210465608618
2016-04-18,0.000484067635759966,-0.0004372348438761886,0.002287106542029482,-0.0001
2016-04-19,0.005229475125389971,0.0032464039599227057,0.005329475125389971,-0.0007327125250214394
2016-04-20,-0.006583478682429389,-0.0001,-0.006583478682429389,-0.0007104572775032956
2016-04-21,0.006936724476027445,0.0,0.006936724476027445,-0.0001
2016-04-22,0.0040227781273808215,0.0,0.005790018309978917,0.001380129342301506
2016-04-25,0.0017267302769557013,-0.0018340912747776383,0.0018267302769557014,0.002290677039616229
2016-04-26,0.011513026779932734,-0.000998647170825051,0.011513026779932734,0.006179146298910388
2016-04-27,0.00727332488521446,-0.0009018876721052172,0.00727332488521446,0.007173324885214461
2016-04-28,0.0017919748349247366,-0.005042638942024602,0.0026057432606418907,0.0026057432606418907
2016-04-29,-0.0025022752820775596,0.007012173277186395,-0.0062857606772827035,-0.004874829619718979
2016-05-02,-0.007296675304905853,-0.0002,-0.001090807088376855,-0.0001
2016-05-03,0.005564670360539692,0.0,0.0011548485531146292,0.0
2016-05-04,0.0014180138718705715,-0.0034807184602172136,0.002099017832413774,0.0
2016-05-05,0.006324558491232013,-0.009235770891714346,0.002186432400781069,0.0
2016-05-06,-0.0025260396581305855,-0.00013862179241055372,-0.00277748494000325,0.0
2016-05-09,0.006263180802212687,0.005127378707563723,0.0031504971995123697,0.0
2016-05-10,-0.005066853642415037,0.0031401043072955214,-0.01058291042152133,-0.0006430755807309785
2016-05-11,-0.007092704165954844,-0.005409710350895769,-0.005007090781363211,-0.0021856133845916336
2016-05-12,-0.0064023041061362475,-0.007975642130222338,-0.006639410998667961,-0.0001
2016-05-13,-0.0018570288717343342,-0.005211325407400424,-0.0011748364777724562,0.0
2016-05-16,-0.0011537673308158914,0.0007982573446399299,-0.0018636417403142369,0.0
2016-05-17,-0.0028769453735804085,0.00020242237250323036,-0.0029769453735804087,0.0
2016-05-18,0.0002226519057696441,0.002307711113377564,0.0002226519057696441,0.0
2016-05-19,0.0013005138075050438,-0.0017389648725645967,0.0013005138075050438,0.0
2016-05-20,-0.0016495362587478635,-0.003131132844044715,-0.0016495362587478635,0.0
2016-05-23,-0.0019872211855243237,-0.0007739493908699657,-0.0019872211855243237,-0.0007368182094877883
2016-05-24,-0.00346712567051215,-0.005655445707066109,-0.00346712567051215,0.001636164573812715
2016-05-25,0.0004823530956964307,0.005151368766245357,-0.0003308451400077628,0.002992677105017538
2016-05-26,0.002657905854928666,-0.0001,0.002900421779921647,-0.0028295263745588438
2016-05-27,0.009892694246791534,0.0,0.008945298509181198,-0.0001
2016-05-30,-0.005015224749784863,0.0,-0.006682124523191302,0.0
2016-05-31,0.0036838575322452605,0.0,-0.0003477287128506257,0.0
2016-06-01,-0.0066597807070764015,-0.00034072195878706016,-0.009286073303619436,-0.006759780707076402
2016-06-02,-0.005951532277613114,0.0005055845297904149,-0.00847457113835053,-0.0001
2016-06-03,-0.004465592134077534,0.006879479409442613,-0.0087492001363501,0.0
2016-06-06,-0.005572337082550327,-0.0028693719086910876,-0.002569371908691087,0.0
2016-06-07,1.8799595441521075e-05,-0.0012714863328542215,-0.005577275101053947,0.0
2016-06-08,-0.00020229562864813034,0.005703968618792554,0.005803968618792554,0.0
2016-06-09,0.0010224251675719942,-0.00015992210299001767,0.002903829194378127,0.0
2016-06-10,8.580108506195395e-06,0.002356238001058386,0.00674679100286264,-0.002547657892552191
2016-06-13,-0.00276994397294692,-0.0001,-0.0006451663502514693,-0.0024584704547572223
2016-06-14,-0.003912429949495056,0.0,-0.012473271104356675,-0.0001
2016-06-15,-0.0015559050542206076,0.0,-0.0005621873278325751,0.0
2016-06-16,0.004405585390397282,0.0026553951941422405,0.0036338861487125174,0.0
2016-06-17,-0.005421781211695431,0.011116440562228002,0.0010650525359644392,0.0
2016-06-20,0.0009750701428561381,-0.00045658000261050697,-0.004942026073436611,0.0
2016-06-21,0.0028219934558477043,-0.002972392467760476,0.009132761920913213,0.0
2016-06-22,0.0030508983988160486,0.0030161170134093917,-0.0002060004785957359,0.0
2016-06-23,-0.004507930293320084,-0.0019108559033553575,-0.0016848992840328147,0.0
2016-06-24,4.823214776616958e-06,-0.0002,0.003055433592937451,0.0
2016-06-27,0.0021591359649192343,-0.0022299923962226242,0.004790452824446989,0.001765629575931482
2016-06-28,0.004589475335914761,-0.0013320360686841504,0.005541301846953761,0.0014625443472805698
2016-06-29,-0.005707314378584805,-0.0001,-0.003478874605091753,-0.0005943831871199734
2016-06-30,0.003778206163910136,-0.00542698103108602,0.002608534652240779,-0.0001
2016-07-01,-0.00423168973917365,0.007856664972812543,0.0014548234389946124,0.0
2016-07-04,0.0036302959091151334,-0.00918787675977455,0.007797172317734269,0.0036302959091151334
2016-07-05,0.004692409758112426,-0.003026248919007368,-5.368515377166538e-05,-0.00015368515377166546
2016-07-06,-0.0010707337276399053,0.0032844620459967166,-0.0026356056025997887,-0.0011707337276399056
2016-07-07,-0.004663100653781904,0.0023111801761797612,-0.004763100653781905,-0.0001
2016-07-08,0.0013661703679604287,-0.0002,0.0013661703679604287,0.0
2016-07-11,0.005998786048259053,-0.003007061745603212,0.005998786048259053,0.0
2016-07-12,0.0023295677675516215,0.003751642965853774,0.0023295677675516215,0.0022295677675516212
2016-07-13,0.0008173719375763166,0.007183185319895047,0.0008173719375763166,0.0008173719375763166
2016-07-14,0.008128616778424913,-0.0001,0.008128616778424913,0.008128616778424913
2016-07-15,-0.0033407696062682122,-0.00043555910517105705,-0.0033407696062682122,-0.0033407696062682122
2016-07-18,0.0030554701554026398,0.0005782053329039139,0.0030554701554026398,-0.0001
2016-07-19,-0.0018136339311289663,-0.002626190772266235,-0.0018136339311289663,0.0
2016-07-20,0.00022106927893017492,0.003448125954196113,0.00022106927893017492,0.0
2016-07-21,0.0003530707777568143,0.0030063084222851423,0.0003530707777568143,0.0
2016-07-22,0.0051116928198088555,0.00358215949077223,0.0051116928198088555,0.0
2016-07-25,-0.0030035323889922695,-0.0001,-0.0030035323889922695,-0.0031035323889922694
2016-07-26,-0.0016981944560700679,0.0,-0.0016981944560700679,-0.0006306122483652031
2016-07-27,-0.005123847967000494,-0.0013992796595213909,-0.005123847967000494,-0.0001
2016-07-28,0.0016694528399679776,-0.0041540478409565875,0.0016694528399679776,0.0
2016-07-29,-0.0014469802989974356,-0.004109429662420327,-0.0014469802989974356,0.0
2016-08-01,0.0014528652366121442,0.004486417509033547,0.0014528652366121442,0.0
2016-08-02,-0.003448421205338459,-0.0019073718863443444,-0.003448421205338459,0.0
2016-08-03,-0.0011234133636757848,-0.005772828968767951,-0.0011234133636757848,0.0
2016-08-04,0.0035106782485161414,-0.000592821998556714,0.0035106782485161414,-0.006415540975013301
2016-08-05,-0.0005162102497075604,0.0013981327876570581,-0.0005162102497075604,-0.0001
2016-08-08,0.0021298813195922417,-0.00514537584919319,0.0021298813195922417,0.0
2016-08-09,0.0015308516013893825,0.0037982549875513415,0.0018061261531482132,0.0
2016-08-10,-0.001203065062269959,-0.0012691067925203025,-0.001103065062269959,0.0
2016-08-11,-0.005017222609390104,-0.004321646537537594,-0.005017222609390104,0.0
2016-08-12,0.003331308064356975,-4.6967566996003465e-05,0.003331308064356975,0.0
2016-08-15,0.0006207890797709226,0.004300433743029819,0.0006207890797709226,0.0
2016-08-16,0.0033242075732992315,0.0047920831214602,0.0033242075732992315,0.0
2016-08-17,-0.006466613231870677,0.0039072793698230026,-0.006466613231870677,0.0
2016-08-18,-0.0053216760305577985,-0.0001,-0.0053216760305577985,0.0
2016-08-19,-0.006880736754451533,-0.0065707689553713535,-0.006880736754451533,0.0
2016-08-22,-0.0028114081832713023,-0.003638448943890438,-0.0028114081832713023,0.0
2016-08-23,0.003520805510158409,0.002142474365570668,0.003520805510158409,0.0
2016-08-24,0.00193137602303457,0.003604555295439249,0.00193137602303457,0.0
2016-08-25,-5.508941663325828e-05,0.004723435944534315,-5.508941663325828e-05,0.0
2016-08-26,0.0004904018609564797,-0.0002,0.0004904018609564797,0.0
2016-08-29,0.002580378879930967,0.0,0.002580378879930967,0.0
2016-08-30,-0.0009358266611057875,-0.002174303550595391,-0.0009358266611057875,0.0
2016-08-31,0.0013669413565611688,-0.0017884075597799144,0.0013669413565611688,0.0
2016-09-01,0.0005191838913230385,-0.0036164169521537225,0.0005191838913230385,0.0
2016-09-02,-0.007021660666016616,0.007441412361482791,-0.007021660666016616,0.0
2016-09-05,-0.0012067553456263757,0.00102590140320723,-0.0012067553456263757,0.0
2016-09-06,0.004585688122308173,-0.0025327996900247228,0.004585688122308173,0.0
2016-09-07,-0.0012428774751547023,0.0030683350987055547,-0.0012428774751547023,0.0
2016-09-08,-0.006593170150070826,-0.0001,-0.0004135613067002275,0.0
2016-09-09,-0.002032525201174018,0.0,-0.001932525201174018,0.0
2016-09-12,-0.0015333093502969853,0.0,-0.0015333093502969853,0.0
2016-09-13,0.0037961087319674292,-0.003984360924028296,0.0037961087319674292,0.0
2016-09-14,-0.0008240937963580386,-0.00015346241769554893,-0.0008240937963580386,0.0
2016-09-15,-0.003282200879883801,0.0004956897324830956,-0.003282200879883801,0.0
2016-09-16,-0.009937707044672273,-0.006682609836352105,-0.009937707044672273,0.0
2016-09-19,-0.0018210308470779201,-0.002408249898805692,-0.0018210308470779201,0.0
2016-09-20,-0.006320318249651247,-0.004681378909547296,-0.006320318249651247,0.0
2016-09-21,-0.0058633335807637636,-0.005963333580763763,-0.0058633335807637636,0.006502296705158128
2016-09-22,-0.0001,0.004122791030368489,0.0026951720756227537,0.0032056254707322207
2016-09-23,0.0,0.005798089454086486,0.00240655101023175,-0.007067491901566636
2016-09-26,0.0,-0.0017370596796475902,-0.006161994977439122,-0.0001
2016-09-27,0.0,0.002783246289109964,0.002883246289109964,0.0
2016-09-28,0.0,-0.0001,0.0015769860463133779,0.0
2016-09-29,0.0,0.0,-0.0025082162038096768,0.0019405330014719778
2016-09-30,0.0,0.0,0.002492275588901016,0.003016115164065969
2016-10-03,0.0,0.0,-0.005231969642789114,-0.0003949351532218204
2016-10-04,0.0,0.0,-0.0038726374374843608,-0.0001
2016-10-05,0.0,-0.004731229446783914,-0.004631229446783913,0.003555688194255857
2016-10-06,0.0,-0.005070133683728583,-0.003572186683088563,-0.0008289375592321346
2016-10-07,0.0,0.0028742013191522696,0.00297420131915227,0.006571525751402985
2016-10-10,0.0,-0.004170447394149878,-0.004289604583615114,0.007461922462207893
2016-10-11,0.0,-0.0019936073778196173,-0.00370090727517518,0.007315735787175548
2016-10-12,0.0,-0.005741722513590619,-0.003054422879958074,-0.01348646885928706
2016-10-13,0.0,-0.002923931035096028,0.0007026198242935155,-0.0002
2016-10-14,0.00019191300243791574,-0.0030530706681394905,-0.001058899840730998,0.00019191300243791574
2016-10-17,-0.004767566900777465,-0.0020414881639733927,0.0029195440568628773,-0.004767566900777465
2016-10-18,-0.0001,0.0008381253226393715,-0.0022731666286002206,-0.0001
2016-10-19,0.0,0.0051157868591253045,-0.004147052476312174,-0.004540176324734591
2016-10-20,0.0,-0.0001298403991971785,-0.0001,-0.0001
2016-10-21,0.0,-2.7668444886619176e-05,0.0,-0.0016599519337346159
2016-10-24,0.0,-0.010210793909931182,0.0,-0.0001
2016-10-25,0.0,0.0028432192691858816,0.0,0.0
2016-10-26,0.0,0.011091113690980458,0.0,0.0
2016-10-27,0.0,-0.005495561259029491,0.0,0.0
2016-10-28,0.0,-0.0027058425915707173,0.0,0.0
2016-10-31,-0.0033599498158194074,0.005464995874795109,0.0,0.0
2016-11-01,0.003827201614642517,0.0035272016146425168,0.0,0.0
2016-11-02,-0.002243664261114242,-0.0001,0.0,-7.16001198166282e-05
2016-11-03,-0.005308258230349483,0.0,0.0,-0.005108258230349483
2016-11-04,0.0006566770757913786,0.0,0.0,-0.0001
2016-11-07,0.004270814264804812,0.0,0.0,0.0
2016-11-08,0.002348308479989869,0.0,0.0,0.004268653687850043
2016-11-09,-0.0009191815110299872,0.0,0.0,0.00017410323366422452
2016-11-10,-0.006869140216507186,0.0,0.0,-0.002935039096295622
2016-11-11,-0.0005122767084860479,0.0,0.0,-0.0001
2016-11-14,-0.0029760625778662677,0.0,0.0,-0.0080448906342929
2016-11-15,0.0059907135233383535,0.0,0.0,-0.0020176255175925807
2016-11-16,-0.002264316704672353,0.0,0.0,-0.00039762481879372907
2016-11-17,-0.002084499559300723,0.0,0.0,-0.0043074058677495366
2016-11-18,-9.808230292553954e-05,0.0,0.0,-0.0001
2016-11-21,-0.003995302728860351,0.0,0.0,0.004227206133796313
2016-11-22,-0.0014089314249274621,-0.00404965620640031,0.0,0.00613882376676349
2016-11-23,-0.0016650527868803833,0.0019085343185949565,0.0,0.0016119090505988698
2016-11-24,-0.004421951862245666,-0.0037050922958381414,0.0,-0.002772118866495332
2016-11-25,-0.0032503514613951403,-0.0024329489378322354,0.0,-0.0001
2016-11-28,0.006671825609715442,-0.000428316740941348,0.002377300840012164,0.0
2016-11-29,0.0013923697270653234,0.0019209251700798569,0.0028189585575336463,0.0
2016-11-30,0.0023700861449734377,-0.001571773690696554,0.006779009085729637,0.0
2016-12-01,0.0006847822960181826,-0.0001,0.0005847822960181826,0.0019406896358246661
2016-12-02,0.007666143084826516,-0.0036269378180052827,0.007666143084826516,0.005132282788688869
2016-12-05,0.005281910492560549,0.0022686888515197623,0.005281910492560549,0.007360743798118641
2016-12-06,0.0011579119318186671,-0.0015776982420479201,0.0011579119318186671,0.0008317049825583122
2016-12-07,-0.006899115592080607,0.0014136717007491306,-0.006899115592080607,-0.006860344139286956
2016-12-08,-0.0036478461556061605,-0.0001,-0.0036478461556061605,-0.0001
2016-12-09,-0.007175508374477268,0.0,-0.007175508374477268,0.0
2016-12-12,0.007319316152850331,0.007628202957407193,0.007319316152850331,0.0
2016-12-13,-0.004021600853316698,-0.005655265693141042,-0.006678787725176672,0.0
2016-12-14,0.007113545398380594,0.004251450207821028,0.007213545398380594,0.0
2016-12-15,0.0027421510857230103,0.0017580611029493708,-0.0001394519939602157,0.0
2016-12-16,0.008337052979618686,0.0005212193456479053,0.014194081834583594,0.0
2016-12-19,0.0047454933418978554,-0.0006499151762741518,0.004845493341897855,0.004755418731487227
2016-12-20,-0.0005340021963911811,-0.0001,-0.0011144844397136255,-0.006536083985817254
2016-12-21,-0.0008946685410626376,0.0,0.0017785352680482092,-0.0002
2016-12-22,0.00045361134166914673,0.0,0.00023022159519423547,0.0
2016-12-23,0.000881423564537176,0.0,0.0012297558332257541,0.0
2016-12-26,-0.0024467706346587015,0.0008722069268626842,-0.0025632507600955147,-0.0025467706346587017
2016-12-27,-0.0001414282303820901,0.006943470166302168,-0.002425693107107607,-0.0001370533902339542
2016-12-28,0.009579796915072025,-0.0001,0.004854804061257512,0.0017644230433294882
2016-12-29,-0.008623435147960046,0.0,-0.010084105289275391,-0.008723435147960045
2016-12-30,-0.0010813087107979236,0.00372417054023656,0.005101613850164277,-0.0002
2017-01-02,-0.006399908679962207,-0.0001,-0.006199908679962207,0.0
2017-01-03,-0.00033960970742155097,0.0,-0.00033960970742155097,0.0
2017-01-04,0.003322195972504394,-0.0056253051535500535,0.002646572972193617,-0.0014408433694306998
2017-01-05,2.5907860314500294e-05,-0.007818941018576742,0.002147897912814578,-0.0001
2017-01-06,0.0029521546397783594,0.004715595289342645,0.003642971724110422,0.0
2017-01-09,-0.0074363627885810305,-0.0006873339620517838,-0.00733636278858103,-0.0030684761338978794
2017-01-10,0.004543927676442794,0.0038166862368121724,0.0053596867382813326,-0.0001
2017-01-11,-0.0016631117216261205,-0.0001,-0.002784873107781283,0.0
2017-01-12,0.0042734011061172136,0.0,0.0030182734993176473,0.0
2017-01-13,-0.006887374963555926,0.0,-0.006887374963555926,0.0
2017-01-16,-0.01036197569131143,0.0013609711247007162,-0.01036197569131143,-0.004188637605731504
2017-01-17,-0.0008952881710564631,-0.0001,-0.0008952881710564631,-0.0001
2017-01-18,0.00413649591320322,0.0009966274926255347,0.00413649591320322,0.0
2017-01-19,0.00845883686069615,0.007543387078339858,0.00845883686069615,0.004761242127783028
2017-01-20,0.0030207566465156876,0.0014145694053316227,0.0030207566465156876,0.001983545364389938
2017-01-23,0.002994846583304256,-0.0001,0.00021452868633995426,0.0024085390375703673
2017-01-24,-0.002813396873199947,0.0,-0.0067372625858724165,0.0005666984113452124
2017-01-25,0.0035223652123014927,0.0,0.008202436403188029,-0.004780071190886537
2017-01-26,0.005353526765908567,0.0,0.0061892445513416884,-0.0017679601964577963
2017-01-27,-0.003352973822301397,0.0,-0.0016949414963348453,-1.4655785935535453e-05
2017-01-30,0.0016142791295966185,0.0,-0.0005165665785198615,-0.0012099487801175645
2017-01-31,-0.006061857152503935,0.0,-0.010631519700478775,-0.0002
2017-02-01,-0.0017218618813156007,0.0,0.004400965539903101,-0.00349086967212916
2017-02-02,0.009645485885519112,-0.003614840028194377,0.009745485885519111,-0.0001
2017-02-03,0.0034815920612140893,0.00046570720115122197,0.0039394707611622335,0.0033737635600110116
2017-02-06,0.006088889974983436,-0.0001,0.0061888899749834355,0.007116217663325386
2017-02-07,0.0025327645452877133,-0.003450640983849007,0.0012929514422945765,-0.002841242118300413
2017-02-08,-0.004559054194532575,0.0020379488731757434,-0.006798178871436455,-0.004659054194532575
2017-02-09,0.00647889241064945,-0.0038386664200489194,0.005270219697218348,-0.0001
2017-02-10,-0.005709831236544671,-0.006398339285891774,-0.010992013123989697,-0.0058098312365446715
2017-02-13,-0.0009447673732188022,-0.0035920863026808526,-0.004479596722643919,-0.0001
2017-02-14,0.0014699941125217442,0.0018285828631791623,0.0018520728214647785,0.0
2017-02-15,0.0027535089993200312,-0.002303487762645662,0.0056529402399190685,0.0
2017-02-16,0.0030065469422818404,0.0018940063095980065,0.0017935878756637491,0.0
2017-02-17,-0.0029872016789838085,-0.005965131203152818,-0.003405910621865127,0.0017896843725030086
2017-02-20,-0.0036225278315826226,0.01437435145052306,0.0076688981927076185,-0.0035225278315826223
2017-02-21,0.0022823070053223926,-0.004968324263314961,0.0024823070053223927,-0.0001
2017-02-22,-0.0009217431072991,-0.0029036606474614145,0.0016106451471456617,0.0
2017-02-23,-0.005020157293151539,0.004622289227649112,-0.004920157293151539,0.0
2017-02-24,-0.0033157313142372245,-0.010605544538911615,-0.01013723017843433,0.0
2017-02-27,-0.004617996535328195,-0.0018282459576784982,-0.00738273574514563,0.0
2017-02-28,-0.004601830541148067,-0.00931192594289324,-0.005308416915873892,0.0
2017-03-01,-0.01076997612675008,0.002851625059490703,-0.0032338781574241084,0.0
2017-03-02,-0.004844550173760509,-0.0019260646336264008,-0.00044243123493139527,0.0
2017-03-03,-0.0036527360407727304,-0.0076427703583964775,-0.0035527360407727306,0.0
2017-03-06,0.0045576937992185765,0.0009146945414180152,0.0003857417767548888,-0.0005289527646631264
2017-03-07,0.009898891400057997,0.0033101363187560628,0.009798891400057996,-0.0001
2017-03-08,0.014470547511167099,0.0096809741009248,0.014470547511167099,0.004489573410242298
2017-03-09,-0.005779332044625507,-0.0001,-0.005779332044625507,0.001135717449075102
2017-03-10,-0.0034246492637685757,0.0,-0.0034246492637685757,0.0010454648829197554
2017-03-13,0.005973799894283172,0.0,0.005973799894283172,-0.002087229322692874
2017-03-14,-0.002399144529400643,0.0,-0.002399144529400643,-0.0001
2017-03-15,-0.00052341135707481,0.0,-0.00052341135707481,0.001216095825677177
2017-03-16,0.011645262046818261,0.008206984735201216,0.011645262046818261,-2.8498360065509764e-05
2017-03-17,-0.004387535633880413,-0.004390057196411168,-0.004387535633880413,-0.003939737821778566
2017-03-20,-0.012030394887015272,-0.006046745700831735,-0.012030394887015272,-0.0017061830900516827
2017-03-21,0.0018639921156975436,0.0007499126590781114,0.0018639921156975436,-0.0001
2017-03-22,-0.009781565563282513,0.0010171444468548563,-0.009781565563282513,-0.002840063296859252
2017-03-23,0.0033900640008101223,0.005844395989492235,0.0033900640008101223,-0.0001
2017-03-24,-0.007369704668465959,-0.011144366141394246,-0.007369704668465959,-0.003381362436383595
2017-03-27,0.001405978800822627,-0.0025987931867590187,0.001405978800822627,-0.0001
2017-03-28,0.007692261099064091,0.00010569190423862515,0.007692261099064091,0.0
2017-03-29,-0.0019890448166612453,0.00014862252125381623,-0.0019890448166612453,0.0
2017-03-30,-0.008772858282579944,-0.0012863795140869883,-0.008772858282579944,0.0
2017-03-31,0.010411228387240045,-0.01051184309171227,0.010411228387240045,0.0
2017-04-03,-0.0005218475965433455,-0.0038946869432229135,-0.0005218475965433455,0.0
2017-04-04,-0.010965642667166797,0.001742426575302336,-0.010965642667166797,0.0
2017-04-05,-0.004112733970509974,-0.0026606045185926797,-0.004112733970509974,0.0
2017-04-06,0.0006156278880973143,0.004159044732221229,0.004279763914770118,0.0
2017-04-07,0.0062285535201020426,0.004307132904712874,0.006328553520102043,0.0
2017-04-10,-0.009546128831650824,-0.01002356376424145,-0.009546128831650824,0.0003184889340557163
2017-04-11,-0.0018678396006569953,-0.0012852723142715793,-0.0018678396006569953,-0.0010432376813329647
2017-04-12,0.009000652726350932,0.003642260938022668,0.009000652726350932,-0.0001
2017-04-13,0.007216524645569389,0.007673229868976205,0.007216524645569389,0.0
2017-04-14,-0.008020981076479172,-0.0001,-0.008020981076479172,0.0
2017-04-17,0.014567659301775926,0.012711867622670547,0.014567659301775926,0.00040318611160711237
2017-04-18,-0.002008275265683057,-0.0001,-0.002008275265683057,0.006136501995673349
2017-04-19,0.002681546648782218,0.0,0.002681546648782218,-0.0027472290087791505
2017-04-20,0.010580178007101227,0.0,0.010580178007101227,-0.0001
2017-04-21,0.008103967971373405,0.0,0.008103967971373405,0.0
2017-04-24,0.0038527433045819405,0.0,0.0038527433045819405,0.007586907240210839
2017-04-25,-0.00011132159984252876,0.0,-0.00011132159984252876,-0.012549348812451034
2017-04-26,-0.0023136682177417266,0.0,-0.0023136682177417266,-0.003127074580926792
2017-04-27,-0.007208105639425444,0.0,-0.007208105639425444,-0.0001
2017-04-28,-0.011431848534625843,0.0,-0.011431848534625843,0.0
2017-05-01,0.01422317241954385,0.013800274245820343,0.01422317241954385,0.0
2017-05-02,0.0006343140569092576,0.004241243795888361,0.0006343140569092576,0.0
2017-05-03,0.008036440471473583,-0.004680332156594025,0.008036440471473583,0.0
2017-05-04,-0.007967776660339076,0.004127353069668538,-0.007967776660339076,-0.004319325712358701
2017-05-05,0.008786513067823553,0.004067515148259826,0.009680086669858312,-0.0001
2017-05-08,0.009457768401572742,0.0020281351159780027,0.009557768401572742,0.007619742227435322
2017-05-09,0.002498348490246527,-0.0001,0.002498348490246527,0.007546203425316422
2017-05-10,-0.004456668402087893,-0.0012378841138842023,-0.004456668402087893,-5.033837985841671e-05
2017-05-11,-0.01103768635141832,-0.0001,-0.00870631727997273,-0.0001
2017-05-12,-0.0037082956469634554,-0.0018899763023731864,-0.003608295646963455,0.0
2017-05-15,0.005028144484196107,0.007597413553565202,0.005028144484196107,0.0
2017-05-16,-0.010356748107216606,-0.007872165199788516,-0.010356748107216606,0.0
2017-05-17,-0.0017506502753360741,0.002669759118055204,-0.0017506502753360741,0.0
2017-05-18,-0.0065595376402808,-0.004688570573646744,-0.005311653605311162,0.0
2017-05-19,-0.004451056710359602,-0.000726942815418119,-0.004351056710359602,0.0
2017-05-22,-0.008003097392900593,-0.00046530741370882646,-0.008003097392900593,0.0
2017-05-23,0.008990621675544342,0.008844485048339679,0.008990621675544342,0.0
2017-05-24,0.002346877847678752,-0.0035797888332804615,0.002346877847678752,0.0
2017-05-25,0.0049441330978593715,0.006296145319068946,0.0049441330978593715,0.0
2017-05-26,-0.00566203476741034,0.0055706856922425165,-0.00566203476741034,0.0
2017-05-29,-0.0022121806263288744,0.001607068275876078,-0.001700176947750065,0.0
2017-05-30,0.002981174945131371,0.0031777228200849605,0.0062588977652163315,0.0
2017-05-31,-0.0018756168727394496,-0.0001,0.00027677552566265364,0.0
2017-06-01,-0.0035092897604444675,0.0,-0.0014592691879643294,0.0
2017-06-02,-0.007547678610742825,0.0016048414350860241,-0.007447678610742825,-0.00021057081528333958
2017-06-05,-0.0044232968455036326,-0.006516081370616533,-0.0031466671643830767,-0.0001
2017-06-06,0.004512951908591833,-0.004781435458085692,0.004612951908591833,0.002692430383013045
2017-06-07,0.007753132446828559,0.0050197326331865135,0.007753132446828559,-0.000397344899210994
2017-06-08,-0.002718967542085937,-0.00016959711964154015,-0.002718967542085937,-0.0001
2017-06-09,-0.009011877504042287,0.005051492073834885,-0.009011877504042287,0.0
2017-06-12,-0.003242099384272257,0.0020276048272293012,-0.0009144945570429552,0.0
2017-06-13,0.0037173073617202124,0.0010921211742094261,-0.00040909045404546873,0.0
2017-06-14,-0.0005439099338986786,0.002402977947303131,-0.004231482514990637,0.0
2017-06-15,-0.002773261973285901,0.0068566437868655015,0.004383381813579601,0.0
2017-06-16,0.0012453966887794432,0.011552166208505632,0.01456555274077127,0.0
2017-06-19,0.00278378684661047,-0.0001,0.006289147785154681,0.0
2017-06-20,-0.005255791300478286,0.0,-0.013859992164461344,-0.010070540240851012
2017-06-21,0.000254508422883859,0.0,-0.0005216422267170229,-0.0002
2017-06-22,-0.0021838323117252755,2.2234013821076456e-05,-0.0035879957218573734,0.0
2017-06-23,0.0016982854474665299,-0.0015907863087593287,0.003987497753590219,0.0
2017-06-26,0.004829681379715145,-4.3343844638354946e-05,0.00488633753507679,0.0009490311069463297
2017-06-27,0.0024656918305978603,-0.0015332689293566127,0.0009324229012412477,0.0007772037704558033
2017-06-28,0.007300293201781827,0.0036194576281369352,0.010919750829918761,0.002845589617066435
2017-06-29,-0.005851042660478067,-0.0001,-0.005951042660478067,-0.010301410786865117
2017-06-30,-0.003137386496366301,0.0,-0.003137386496366301,-0.0004
2017-07-03,-0.011106909802952791,0.0,-0.011106909802952791,0.006148707196740222
2017-07-04,-0.0031625578759996607,-0.005485154597668606,-0.001777450218321075,-0.003215966864393538
2017-07-05,0.0011981282114068125,-0.007958268126849077,-0.006196512230670703,-0.0001
2017-07-06,-0.0006926351078985759,-0.001403667350013371,-0.0012263501086781537,-0.003839443228671391
2017-07-07,-0.003891773136694798,-0.007728250981960827,-0.008324134471623324,-0.0001
2017-07-10,0.0006287199900664286,0.0011110220367470335,0.0003363955935286267,0.0
2017-07-11,-0.0014756167812451815,0.007189869203716381,0.0008315641440316046,0.0
2017-07-12,0.00377550984748124,-0.006761042477600743,-0.004502271582858009,0.0017167389527385057
2017-07-13,-0.0009910145446312413,-0.003763177507474569,-0.0045902283121076245,-0.00016396373999818525
2017-07-14,0.007529907189190244,-0.00436608342378666,-0.00044131444240871345,-0.0001
2017-07-17,-0.00020626325079375896,0.0036152779084809073,0.004437429018174566,-0.0011284143604874176
2017-07-18,-0.0072973655500478294,0.008293145232144684,0.0023299279309221045,-0.0012007195629069934
2017-07-19,-0.0006099897461747105,-0.0001,0.0036120480740541084,-0.0001
2017-07-20,-0.007511949269681207,0.0,-0.00618956004719391,0.0015387194401992987
2017-07-21,0.0015347465012291116,0.0031731347949856105,0.010380028150609056,-0.0005565243466784441
2017-07-24,0.004845900531727532,0.0048366215388857105,-0.0021541596782927996,-0.0020453476757169796
2017-07-25,-0.0036127587627052373,-0.0001,0.007247089782396632,-0.0001
2017-07-26,0.0014248313036025252,0.0,-0.0015076261068840192,-0.003595930462785668
2017-07-27,-0.0046436181796467805,0.0032696490292902667,-0.017331703616899997,-0.0001
2017-07-28,-0.0072092377756070025,0.009616892448433135,0.005791477450299576,0.0
2017-07-31,-0.0017594875298551304,0.0004209196335803633,0.005902034213140839,0.0
2017-08-01,-0.000778746920751927,-0.0023367010665286793,-0.0055544386966704055,0.0
2017-08-02,-0.0001,-0.00820226719451842,-0.004009419909160483,0.0
2017-08-03,0.0,0.0002603280302955536,-0.0006025007683329476,0.0
2017-08-04,0.0,0.001387066889094013,0.0009931495167142645,0.0
2017-08-07,0.0,0.007815406316330875,0.0021903426814060102,0.0
2017-08-08,0.010662514821652914,-0.0008665928048722127,0.005229126221010416,0.0
2017-08-09,0.007754167730949835,-0.004377155732617388,0.0027456957706645468,0.0
2017-08-10,-0.008048767899472375,0.003664968043752026,-0.0011409263974419658,0.0
2017-08-11,0.0007003589267877919,0.004255923280265117,0.00040862906435359394,0.0
2017-08-14,-0.002070731483034749,-0.0034466378660556905,0.0020508759823316238,0.0
2017-08-15,-0.003353251844314298,0.0007288651936144142,-0.003350692175649872,0.0
2017-08-16,0.0033956077687398167,0.002111587185507302,0.004481422280367342,-0.003409672312018508
2017-08-17,0.0030430981017334656,-0.00021074880056044503,0.003053846902293911,-0.0001
2017-08-18,-0.001107172465432482,0.0036141442424467264,-0.0012071724654324823,0.0
2017-08-21,-0.004073210918210402,-0.0001,-0.004073210918210402,0.0
2017-08-22,0.007910951993983839,0.0,0.007910951993983839,0.0
2017-08-23,0.004633174501496295,-0.0027829848786481205,0.004633174501496295,0.004918753107011198
2017-08-24,0.006657994920595045,0.002478050168571666,-0.0014532999406766888,0.006857994920595046
2017-08-25,0.005697514504208479,-0.004328463379419778,0.00209062174830843,0.005697514504208479
2017-08-28,0.0058785928859733435,-0.001214235264454,0.0022097017851576473,0.003223937049611647
2017-08-29,0.0017249012723662195,-0.00024368889898983558,-0.001686788704393316,0.0016249012723662192
2017-08-30,-0.0012033643138851691,0.0002005751688984314,0.0031257317136336392,-0.0012033643138851691
2017-08-31,-0.003016908593002554,0.00087383369930093,0.00030080664481564324,-0.003016908593002554
2017-09-01,0.002439555683490413,0.003549562017095409,0.00312371855214022,-0.0001
2017-09-04,-0.004936408913350121,0.0031621447031763505,-0.004423295372561231,0.0
2017-09-05,0.001471083921290406,-0.0001,0.0014109967434140281,0.0
2017-09-06,0.0019167979017858717,0.0,0.004624872857028573,0.0
2017-09-07,-0.004998248971850594,0.0,-0.011120683252025287,0.0
2017-09-08,0.006498196067622519,0.0,0.007573692680592314,-0.007292324997162159
2017-09-11,-0.00367767691470573,0.0,-0.006862234650446042,-0.0001
2017-09-12,0.0035515129463310037,0.0,-0.0006035528897193832,0.0
2017-09-13,0.0023261911015556858,-0.0002209985426017024,-0.001775250091958691,0.0008705886639588268
2017-09-14,0.0009956228698053903,-0.0014079441072619493,-0.0002980037089279186,-0.000641704824978817
2017-09-15,-0.002836272821429664,0.0017926424489999703,-0.00028086617152307537,0.003798262987143375
2017-09-18,0.0043777739858751556,0.0035201369317026552,0.011986525264195923,-2.3933796194308687e-05
2017-09-19,-0.0039726723056904166,-0.0001,-0.004133567904595958,0.00012371904848342837
2017-09-20,0.003203505331220535,0.0,0.006043949529469595,0.006043949529469595
2017-09-21,-0.0004763444179741061,-0.0019127401294663283,0.0026911288592166294,0.0026911288592166294
2017-09-22,0.0005488045308971623,-0.0019618603415809456,0.002403661127510404,0.002403661127510404
2017-09-25,0.004860006063699096,0.0036019667175773316,0.0005970326521869129,0.0005970326521869129
2017-09-26,-0.004241126032565501,-0.001829922296662434,-0.0006826589100717761,-0.0006826589100717761
2017-09-27,-0.0006921556315206522,-0.0008825088232882417,0.002119928571474494,-0.0001
2017-09-28,0.000573991222555259,-0.0001,0.0006373564788115793,0.0005373564788115793
2017-09-29,0.011238123805962697,0.010816385468517065,-0.0003887612370883309,0.003149301389084036
2017-10-02,-0.002074185885863289,-0.0002,-0.004375054785256349,0.0006308890884650588
2017-10-03,0.001008899019324694,0.0,-0.0008944620084246679,-0.006696879175819026
2017-10-04,0.007684300953280554,0.0,0.0021194416557409833,-0.0001
2017-10-05,0.009496213274222908,0.0,-0.0014283758576008275,0.007127636344384391
2017-10-06,-0.0005484588754123942,0.0,0.0001192789212228651,-0.0019178559490533487
2017-10-09,0.0014431169287056679,0.0,-0.0009211573754646984,-0.0002
2017-10-10,0.012337252132142451,0.005162569622991009,-0.001341367179750419,0.013176611958379459
2017-10-11,-0.011322366006722895,-0.0001,-0.007654970701048413,-0.005659064649852108
2017-10-12,0.0061985081029394705,-0.002403844814009848,-0.00046583632067784817,-0.0001
2017-10-13,0.0036666803520522652,-0.0008294568687804427,0.0008969177612227819,0.0
2017-10-16,-0.0018847796915443694,-0.0007338711325968417,-0.0006766409085155134,-3.960127403601632e-06
2017-10-17,0.007614580882564281,0.003852036204363074,0.004086846011587974,0.00360549182809321
2017-10-18,-0.0022580834367629033,-0.005238218001181361,-0.003898606955603667,0.006200387893530524
2017-10-19,-0.009588975367388808,0.002950829508005659,-0.007979810595351411,-0.003098077780656716
2017-10-20,0.0063217612616265125,0.004085942149374922,0.004632362632221864,-0.0001
2017-10-23,-0.010024804663473974,0.002969183343241211,-0.007449345163832955,0.0
2017-10-24,-0.00017370560897005393,0.003181478448093944,-0.003038645490445702,0.0
2017-10-25,0.0038647539893637006,0.008526952768177965,0.00816466774925837,0.0
2017-10-26,0.007171980465175987,-0.0008412022924429328,0.005326853408461596,0.0
2017-10-27,0.0035167039626892273,0.000760312753010517,0.003639303724026799,2.2599761337571774e-05
2017-10-30,0.004410620915876973,0.0022540498433269553,0.004510620915876973,0.0005439409794445015
2017-10-31,-0.009105370810439228,-0.0001,-0.009105370810439228,-0.0006985696367896143
2017-11-01,0.007243282217703084,0.009778466337540948,0.006293002191322894,0.003230378094742148
2017-11-02,0.0014677028523566449,0.0002389442424265531,-0.0029490081277951273,-0.001863474844215296
2017-11-03,-0.0012496431435500056,-0.0027567909072725993,-0.0016374332120514534,-0.0001
2017-11-06,0.0027875102747744853,0.008184507611594848,0.005215286129792762,-0.001777603705117492
2017-11-07,0.008666519799069872,0.003519374954050025,0.007786665735867971,-0.0001
2017-11-08,0.003367848765859871,-0.0001,0.0012599437282094117,0.0
2017-11-09,0.003060908298921894,0.0,0.0052742854168380095,1.1414279837262953e-05
2017-11-10,-0.0031053774344549367,0.0,-0.002659752702484264,-0.008033700355477402
2017-11-13,0.0020063076372781818,0.0,0.0023983793533716826,-0.0005753113725580625
2017-11-14,0.01906665968831799,0.0,0.021277618447580117,-0.0011263722327398585
2017-11-15,-0.00525807131174556,0.0,-0.00505807131174556,-0.00990832532098268
2017-11-16,0.00627523493461728,0.0,0.00627523493461728,-0.0002
2017-11-17,-0.0012147544400490818,0.0,-0.0012147544400490818,-0.00031130953645351893
2017-11-20,0.0035977629542851552,-0.002867288814809077,0.0035977629542851552,-0.0001
2017-11-21,0.003720405511948144,0.0032152922230672233,0.003720405511948144,8.774005550561413e-05
2017-11-22,-0.006033894743171397,0.0007468105749040887,-0.006033894743171397,-0.007500456444995629
2017-11-23,-0.0006560611438756414,-0.0028039616529761833,-0.0006560611438756414,-0.0002
2017-11-24,0.003583571514577022,0.0010292925315680713,0.003583571514577022,0.0
2017-11-27,-0.001246660993640103,0.005639249480188746,-0.001246660993640103,-0.00440900734223768
2017-11-28,0.0012164435521693662,0.0009105905860858021,0.0012164435521693662,-0.0002
2017-11-29,-0.0022892591762947887,0.001412080184385256,-0.0022892591762947887,0.0
2017-11-30,-0.003214259429372168,-0.005105266637622485,-0.003214259429372168,0.0
2017-12-01,-0.0024369106529843697,-0.008986119024384143,-0.0024369106529843697,0.001552920132171154
2017-12-04,-0.0036837706880988195,0.0009580179999571503,-0.0036837706880988195,-0.004611465318862773
2017-12-05,0.012764256321743694,0.004611349658686137,0.012764256321743694,-0.0002
2017-12-06,-0.0058660369368185306,-0.005156356734555567,-0.0058660369368185306,0.003016475417463027
2017-12-07,0.00580984514192755,-0.0008889210413792759,0.00580984514192755,-0.0007809303132986001
2017-12-08,-0.014023355729234044,-0.0058125103412244306,-0.008739286547394842,-0.0032792581746237783
2017-12-11,-0.009991746523044121,0.0038534200629586567,-0.00989174652304412,-0.0001
2017-12-12,0.001637426701103406,-0.00017905326588076847,0.001637426701103406,0.0
2017-12-13,-0.010080905009231266,-0.004007699631274874,-0.010080905009231266,-0.003372236987227051
2017-12-14,0.009388181862855238,-0.001660052792407496,0.009388181862855238,-0.0001
2017-12-15,0.011761960217281797,0.005650370715809805,0.011761960217281797,0.0
2017-12-18,-0.006248896645303171,-0.005029676570061803,-0.006248896645303171,-0.006116787159094039
2017-12-19,-0.01041495489761779,-0.00030000000000000003,-0.01041495489761779,-0.0001
2017-12-20,-0.0013015176175193322,0.004534280069618535,-0.0013015176175193322,0.0
2017-12-21,0.0021491081913744157,0.0005868368007763692,0.0021491081913744157,0.0
2017-12-22,0.0017181266322806366,-0.0007826856929394888,0.0017181266322806366,0.0
2017-12-25,0.006323922608342913,0.005148365287643342,0.006323922608342913,0.0
2017-12-26,-0.006329433498421433,-0.0026807936007047896,-0.006329433498421433,0.0
2017-12-27,0.000676883231650205,0.0005101730303186503,0.000676883231650205,0.0
2017-12-28,0.0030405617424273056,-0.0001,0.0030405617424273056,0.0
2017-12-29,0.01177880119640189,0.0007249397622440924,0.01177880119640189,0.0
2018-01-01,-6.0202870995973436e-05,0.001982517348020396,-6.0202870995973436e-05,3.683551434255925e-05
2018-01-02,0.008149333342620047,-0.0001,0.008149333342620047,0.0015889353105027037
2018-01-03,-0.0031738755275606324,0.0,-0.0031738755275606324,-0.008968673366762792
2018-01-04,-2.704607368773093e-05,0.0,-2.704607368773093e-05,-0.0005163935485598346
2018-01-05,0.004405827531255823,0.0,0.004405827531255823,-0.0001
2018-01-08,0.004058293710009408,-0.0003098593346841815,0.004058293710009408,-1.4972178753114209e-05
2018-01-09,-0.004011131604149476,0.001038719078243,-0.004011131604149476,-0.005380058249279807
2018-01-10,-0.0035485501218636252,-0.0025650618477403462,-0.00783646909537139,-0.0001
2018-01-11,0.002813118413695981,0.00651159915342151,0.0016003470967815626,0.0
2018-01-12,-0.0024063396880683154,-0.0002,-0.00529603515055248,0.0
2018-01-15,0.004927294006024363,0.0018629761548227264,0.0068902701608470895,0.0
2018-01-16,-0.005412557703455501,-0.0001,-0.006979079136649591,0.0
2018-01-17,0.005740473642152732,0.004863928391575167,0.00596686776931934,0.0
2018-01-18,-0.011417800273701251,-0.0002,-0.01001697235573491,0.0
2018-01-19,-0.00384078991157788,-0.004402312484242854,-0.009267750277073338,0.0
2018-01-22,0.004249153073312728,0.003876518895449388,0.00588608001161286,0.0
2018-01-23,-0.0028685461652484755,-0.0022691637652953343,-0.005398583587973449,-0.0007479456716273813
2018-01-24,0.004075387399424346,0.0018832321785726247,0.0032482661168633962,-0.0001
2018-01-25,0.004811669620834791,0.006856870304206397,0.0044776574531958605,-0.0022452006833716064
2018-01-26,-0.001297956799969624,0.0025919521410757373,0.0015939953411061136,-0.0001
2018-01-29,0.0023611630527576644,-0.0001,0.005004569475476695,0.0
2018-01-30,0.01523322733727217,0.0,0.021532117581929366,0.0
2018-01-31,0.0035903353566828166,-0.0012677813685476268,0.003690335356682817,0.003226410468952101
2018-02-01,-0.002024429944924333,-0.0016060833458013013,-0.002024429944924333,-0.0016678886145808924
2018-02-02,0.0023052048572918425,0.0024376858358250873,0.0023052048572918425,-0.0001
2018-02-05,0.004873851054599388,-0.007821194367368767,0.004873851054599388,0.0015859023054365818
2018-02-06,0.00428001380819285,-0.00381258178234658,0.00428001380819285,-0.00417270020178232
2018-02-07,0.002672414747676899,-0.006038682898814707,0.002672414747676899,0.000739726470744706
2018-02-08,-0.007079840132924464,0.004358690464647941,-0.007079840132924464,-0.0020370268395418444
2018-02-09,-0.003754875852569106,-0.001964120015946413,-0.003754875852569106,-0.0009016966788483627
2018-02-12,0.0007908894157601764,-0.0026873997750409663,0.0007908894157601764,-0.0001
2018-02-13,-0.01073186570551916,-0.005031238964853446,-0.01073186570551916,7.302631450433203e-05
2018-02-14,0.0019318426312455728,0.002420766663637719,0.0019318426312455728,-0.002508998872370327
2018-02-15,-0.017346147483692075,-0.010556679093458532,-0.017346147483692075,-0.0001
2018-02-16,0.0034779909715395353,-0.0012326953285251685,0.0034779909715395353,0.005033187157188512
2018-02-19,0.004338160190472484,0.007905478956226408,0.004338160190472484,-0.003667318765753924
2018-02-20,0.0040749458291379215,0.004934561588013531,0.0040749458291379215,-0.0001
2018-02-21,-0.010376762133280005,-0.012980534538695155,-0.010376762133280005,0.00024674900241791205
2018-02-22,-0.003449573130115402,0.0032291886560397833,-0.003449573130115402,-0.006511255268299876
2018-02-23,-0.008194751611852059,-0.0002,-0.008194751611852059,-0.0001
2018-02-26,-0.0046940332847663305,0.005869076747526791,0.002511060065545645,0.0
2018-02-27,0.003501444176581048,0.007226997414682357,0.004225185356483641,0.0
2018-02-28,-0.0033731903138376927,-0.004801226186332474,-0.007457274717893703,0.0
2018-03-01,-0.00507471325326816,-0.0062425063807967866,-0.0022189687734011088,0.0
2018-03-02,0.009956092403315265,0.007382196056764545,0.010056092403315264,0.0
2018-03-05,-0.0016169441655755068,-0.000620757559192675,0.0005065613866679141,0.0007136379257237536
2018-03-06,-0.0028513462904018795,-0.0006991295171931311,-0.002986597719112705,-0.0007976355085183462
2018-03-07,0.011370526304312045,-0.0001,0.011470526304312046,-0.0001
2018-03-08,0.005348022709155487,0.0,0.005348022709155487,-0.000283740651689801
2018-03-09,-0.01243871415367619,0.0,-0.01243871415367619,-0.00028758223725875424
2018-03-12,-0.006562747670018232,-0.004039058178279997,-0.006562747670018232,-0.0001
2018-03-13,-0.0036198700611977273,-0.004789687778779439,-0.0036198700611977273,-0.004134919448664886
2018-03-14,0.00036212807356470476,-0.00515658613341099,0.00036212807356470476,0.001662517092288407
2018-03-15,-0.0070762064205587725,-0.004062488322030799,-0.0070762064205587725,-0.001288770882765622
2018-03-16,-0.00739521228824549,0.001676469759142718,-0.00739521228824549,-0.0001
2018-03-19,0.009380317676466899,0.0014192046711277383,0.009380317676466899,0.0
2018-03-20,8.224538845251761e-05,0.00023277708064505241,8.224538845251761e-05,0.0038121685117941673
2018-03-21,0.0018895679683981648,0.000545418590538327,0.0018895679683981648,0.0011342689984824793
2018-03-22,0.009963956972161148,0.0020071778518381935,0.009963956972161148,0.0007258996275264273
2018-03-23,-0.007720695651422771,-0.0001,-0.007720695651422771,-0.005169204071681888
2018-03-26,0.004065342560051199,0.0,0.004065342560051199,-0.00030000000000000003
2018-03-27,0.0014012129395979845,0.0,0.0014012129395979845,-0.0012414344227546503
2018-03-28,0.0011921617006090735,-0.0007021146378168974,0.0011921617006090735,-0.0001
2018-03-29,-0.0018662403667077277,-0.0016809230369464689,-0.0018662403667077277,0.00048311153824717187
2018-03-30,0.0023011512936716104,0.00016964368170636624,0.0023011512936716104,-0.006250041636163895
2018-04-02,-0.008145050191113067,-0.0014030567359531233,-0.008145050191113067,-0.0001
2018-04-03,0.004442215563271868,-0.003387803028608749,0.004442215563271868,0.0030522695381177355
2018-04-04,0.005790913376004259,9.825099238560674e-05,0.005790913376004259,-0.003693288545002149
2018-04-05,-0.004165155753599303,-0.00017569997561670548,-0.004165155753599303,-0.0001
2018-04-06,0.007805958405859137,0.0023749558764364575,0.007805958405859137,0.0
2018-04-09,-0.0009319093948351953,-0.0001,0.004675109789761311,9.470668998815554e-05
2018-04-10,-0.004171047452013044,0.0,-0.006513737911360007,-0.0027075064106858006
2018-04-11,0.0013663400942111493,0.0007903669164781912,0.002327837841874314,-0.0001
2018-04-12,-0.0041337980102131855,-0.0011088365670370193,-0.008975296535945199,0.0
2018-04-13,0.008159562726884983,0.005036730358399177,0.004287257475209971,0.0
2018-04-16,0.00402123204240139,0.0027222455267950085,0.0016084995429722858,0.0
2018-04-17,-0.0016828375116995531,0.010422497961363875,0.008939660449664322,-0.0012285311605115922
2018-04-18,0.0022531342254906495,-0.0001,0.0003760832491731092,-0.0001
2018-04-19,0.006647115091749134,0.0,0.004204014183295812,-0.0009514201707013559
2018-04-20,0.00897703495380293,0.0,0.006378624136092003,0.008777034953802932
2018-04-23,-0.003996629220470127,0.0,-0.004729020777072446,-0.003866496548270193
2018-04-24,-0.004080517887216817,0.0,-0.0009011345522722314,-0.0027675152393118684
2018-04-25,-0.007606789253953017,0.0,-0.0066577128246329,-0.0001
2018-04-26,-0.0011712316970908688,0.0,0.008471127077169193,0.0003903211914491834
2018-04-27,-0.011836639629362234,-0.005042648390170379,-0.008910135098038296,-0.0020618240794884834
2018-04-30,-0.0012780161882325336,-0.00033080858584139106,-0.00023080858584139107,0.006920643940016269
2018-05-01,0.002081221917300291,0.0014557614069900526,-0.0015510141976218916,0.0013642577909134257
2018-05-02,-0.006731129319808393,-0.0026731658989584627,-0.002573165898958463,0.002937451719724615
2018-05-03,0.0007016205478359017,0.0036183995426317117,0.0008016205478359017,-0.006668480210952565
2018-05-04,0.009012513569177372,0.00398266872372377,0.006653842977172175,0.0043969216234706395
2018-05-07,-0.0033406465728019973,-0.0001,-0.002433618269403248,-0.0007128335216193937
2018-05-08,0.003452770323511012,0.0,-0.0013862994439483023,-0.0035121889071658583
2018-05-09,0.007550637958607709,0.0,0.0013082440780284531,0.006042393880579255
2018-05-10,-0.006267752835448314,0.004162589179699416,-0.008423768825546097,0.0021560159900977814
2018-05-11,-0.004414487621294705,-0.004099562559669289,-0.0050693744935649265,0.0006548868722702217
2018-05-14,0.005946505070854602,-0.001573401422803411,0.008095204851781501,0.006597415565571874
2018-05-15,0.002523140032357285,-0.007571255346917161,-0.0027137154797008513,0.005336855512058136
2018-05-16,-0.004489969416988093,0.005920583865629681,-0.0013457891457276938,-0.0031441802712603995
2018-05-17,-0.001345373689532181,0.00341447872299242,-0.0006859070997032202,-0.0001
2018-05-18,-0.0035604111103112015,-0.0002,-0.0036604111103112013,0.0
2018-05-21,-0.0009257698974997508,-0.0044092726922141945,-0.0009257698974997508,0.0
2018-05-22,-0.004476681136877181,0.00016875790430067594,-0.004476681136877181,0.0
2018-05-23,0.003387441103356792,0.003993463674997322,0.003609628535556686,0.0
2018-05-24,0.004879042831893843,-0.00040953425599778983,0.0050221717322269654,0.0
2018-05-25,0.005520666037981836,0.0013083638641369078,0.005620666037981836,0.0
2018-05-28,-0.0020174709791925594,-0.0028920047495795465,-0.0020174709791925594,0.0
2018-05-29,-0.005751952557861428,-0.00032603323886905,-0.005751952557861428,0.0
2018-05-30,0.0017375188275909447,0.008440871453436383,0.0017375188275909447,0.0
2018-05-31,-0.003547427893470223,-0.0002,-0.003547427893470223,0.0
2018-06-01,0.0074699981632130544,0.011455727135039794,0.0074699981632130544,0.0
2018-06-04,0.004559953205924306,-0.0002,0.004559953205924306,0.0
2018-06-05,-0.004581231491407567,0.0,-0.004581231491407567,-0.0030053824887942616
2018-06-06,0.003269693686080899,0.0,0.003269693686080899,-0.0001
2018-06-07,-0.0021435281235769434,0.0,-0.0021435281235769434,0.0
2018-06-08,0.00116622159104236,0.0,0.00116622159104236,-0.002647354027114146
2018-06-11,0.005037344520715336,-0.006063489043893255,0.005037344520715336,-0.0001
2018-06-12,0.0018490619132669028,-0.0018803155514204972,0.0018490619132669028,0.0
2018-06-13,0.0027130900376712173,-0.0014845292779809061,0.0027130900376712173,-0.005078296177899422
2018-06-14,0.00024881492459758456,-0.002373823553582688,0.00024881492459758456,-0.0001
2018-06-15,0.005546018731655877,0.005303589759192417,0.005546018731655877,0.0010872802638281942
2018-06-18,0.0077867713940340975,-0.009906561070768205,0.0077867713940340975,0.0028275582836279067
2018-06-19,-0.006866298605083143,0.0024087775964530154,-0.006866298605083143,-0.008815683641206117
2018-06-20,0.007711531536416483,-0.006557279774449443,0.007711531536416483,-0.0002
2018-06-21,0.006430639449752506,-0.0030540664641082625,0.006430639449752506,0.00507545740229245
2018-06-22,0.006412687196308253,-0.0018948673821927108,0.006412687196308253,0.0046620048711434325
2018-06-25,-0.0030405591018367374,-0.0053492063244018565,-0.0030405591018367374,0.00048413561680863413
2018-06-26,-1.5531968127624472e-05,-0.003495101321592997,-1.5531968127624472e-05,0.001348312454550038
2018-06-27,0.0015414987658533218,-0.004756456433008227,0.0015414987658533218,-0.002392978890613617
2018-06-28,0.0038709216936069434,-6.411902247616119e-06,0.0038709216936069434,-0.0001
2018-06-29,-0.0030476777832591393,0.0028625534463509795,-0.0030476777832591393,0.0016737091123789182
2018-07-02,0.002397014256747898,0.0016831611248173562,0.002397014256747898,-0.003739896313553215
2018-07-03,-0.006331867139090397,-0.005757205006600585,-0.006331867139090397,-0.0015252321775768517
2018-07-04,0.008934715534695891,0.005357360200551708,0.008934715534695891,-0.0001
2018-07-05,0.0007828521868774807,-0.0001,0.0007828521868774807,0.0051167942141168935
2018-07-06,-0.000768493835818318,-0.0047191397572860505,-0.000768493835818318,-0.0013599197707949927
2018-07-09,-0.0017181947832608292,-0.01172349657449947,-0.0017181947832608292,-0.0011233312693933017
2018-07-10,-0.006898720314619178,0.003549920102568527,-0.006898720314619178,-0.0001
2018-07-11,0.003179320382054307,-0.005537335350641626,0.003179320382054307,-0.003717264940394804
2018-07-12,0.003257303902024522,0.001317845595552114,0.003257303902024522,-0.0001
2018-07-13,0.0007771016906227057,0.00412449026605709,0.0007771016906227057,0.0
2018-07-16,-0.002064561706273893,0.004898596853435089,-0.002064561706273893,0.0
2018-07-17,-0.004498030484521842,-0.0001,-0.004498030484521842,0.001338824289013363
2018-07-18,-0.005257759539276452,0.0011953337726677727,-0.005257759539276452,-0.0002142835335920301
2018-07-19,-0.0004270113846130519,0.004799265308596046,-0.0004270113846130519,-0.0001
2018-07-20,0.0031990532378265877,-0.006225071686466454,0.0031990532378265877,0.0
2018-07-23,-0.0022813429329566317,-0.00018305820609445522,-0.0022813429329566317,0.0
2018-07-24,0.003966751849918748,0.001991063227018042,0.003966751849918748,-0.000520346794466675
2018-07-25,0.002752603144541688,0.005146296778681403,0.002752603144541688,0.0014920320357335592
2018-07-26,0.005441716351450676,-0.0002,0.005441716351450676,0.0019322324515977374
2018-07-27,-0.0006608936722626968,0.0,-0.0006608936722626968,-0.0005911944956015879
2018-07-30,-0.003483860030786068,0.0,-0.003483860030786068,-0.004364958561722643
2018-07-31,-0.003925956499841843,0.0,-0.003925956499841843,-0.0001
2018-08-01,-0.0029269373731831694,0.0,-0.0029269373731831694,0.0
2018-08-02,0.0004813249510371431,-0.002498703339902353,0.0004813249510371431,0.0
2018-08-03,0.0007219736294299395,0.006475985415237662,0.0007219736294299395,0.0
2018-08-06,-0.002471248632838452,-0.00577707314677457,-0.002471248632838452,0.0
2018-08-07,-0.010334556711264353,0.00021636273905454307,-0.010334556711264353,0.0
2018-08-08,0.001775654389208281,0.005517672405022267,0.001775654389208281,0.0
2018-08-09,0.0014194025820209566,-0.008097170450393043,0.0014194025820209566,0.0
2018-08-10,-0.005989523060437474,-0.004221289912713977,-0.005989523060437474,0.0
2018-08-13,0.0059557471036758795,0.0004826780399818433,0.0059557471036758795,0.0
2018-08-14,-4.669295326709122e-05,0.00017798952035376095,-4.669295326709122e-05,0.0
2018-08-15,0.0005751424839234964,-0.014913835902155791,0.0005751424839234964,0.0
2018-08-16,0.002886576266757435,0.0026069330014823144,0.002886576266757435,0.0
2018-08-17,-0.0023204853306923344,-0.006405406899198829,-0.0023204853306923344,0.0
2018-08-20,0.006878658554915695,-8.68015123983156e-05,0.006878658554915695,0.0
2018-08-21,-0.0026083727764060426,-0.007179687609406504,-0.0026083727764060426,-0.0016071094743469571
2018-08-22,0.0013655680155220007,0.00625597767344428,0.006151753992897602,-0.0001
2018-08-23,0.006675716877966742,-0.003977605860047839,0.006775716877966742,0.006206453372661913
2018-08-24,0.00033598295650947294,-0.0026315035209570903,0.00033598295650947294,-0.002117287020473113
2018-08-27,0.003941096585295956,0.0025666217409979096,0.003941096585295956,-0.0001
2018-08-28,0.0008559003291878309,-0.0030563926769379135,0.0008559003291878309,0.0
2018-08-29,-0.0009742635443780401,-0.0001,-0.0009742635443780401,-0.0010483545355077894
2018-08-30,0.005568341969348012,0.0015344791310157092,0.005568341969348012,-0.0001
2018-08-31,0.0005847983897906195,-0.0016130563229893812,0.0005847983897906195,0.002585061124259791
2018-09-03,-0.0029231545555692406,-0.0025356069818871286,-0.0029231545555692406,-0.004750746437568032
2018-09-04,-0.0018632079054331507,-0.005459123723735115,-0.0018632079054331507,0.002697631848634674
2018-09-05,0.0014664783110026835,-0.0046396062971570725,0.0014664783110026835,0.0035128116554515644
2018-09-06,-0.0009491901121075452,0.004919614218861323,-0.0009491901121075452,0.0003490303958119778
2018-09-07,-0.0006696318053621475,0.0022407615932766743,-0.0006696318053621475,-0.003110393398638822
2018-09-10,-0.001990600458031033,-0.00173305895908491,-0.001990600458031033,-0.0002
2018-09-11,-0.006717268327941617,-0.0029311690047909345,-0.006717268327941617,0.0
2018-09-12,-0.005140614322335568,0.005448993171356331,-0.005140614322335568,0.0
2018-09-13,0.0029586526515406495,0.001083640725926094,0.0029586526515406495,0.0
2018-09-14,0.000829180881071645,0.006452866488850328,0.000829180881071645,0.005500485804455913
2018-09-17,0.002012203275701574,0.0006605376777549356,0.002012203275701574,-0.004014919108089021
2018-09-18,0.0019358848320535581,-0.0001,0.0019358848320535581,-0.0001
2018-09-19,0.004331116872986973,0.0,0.004331116872986973,0.0
2018-09-20,-0.004740061270499596,0.0,-0.004740061270499596,-0.0028878493868051414
2018-09-21,-0.0005069342555433342,0.004648834391004886,-0.0005069342555433342,-0.0001
2018-09-24,0.005046022192651933,-0.0031056170656783345,0.005046022192651933,0.0
2018-09-25,0.005814907959289406,0.011137745829639778,0.005814907959289406,-0.0027009127472187424
2018-09-26,-0.004729571589312776,-0.0001,-0.004729571589312776,-0.0001
2018-09-27,0.0019750657625918545,0.0,0.0019750657625918545,0.0
2018-09-28,0.0019444299657894516,-0.00019533914845025748,0.0019444299657894516,0.003309235150358547
2018-10-01,-0.0010847884833932841,-0.0001,-0.0010847884833932841,-0.0036955074620649065
2018-10-02,-0.00312371650379093,0.0,-0.00312371650379093,0.00206462829446582
2018-10-03,0.001037850937680318,-0.0006241333324268461,0.001037850937680318,-0.005629679095729645
2018-10-04,-0.005228980330271726,-0.0001,-0.005228980330271726,-0.004767723084242825
2018-10-05,0.015839484772398292,0.0,0.015839484772398292,-0.0001
2018-10-08,-0.004155673679619443,0.007545019338766801,-0.004155673679619443,-0.008494432358336102
2018-10-09,-0.000697304439019919,-0.0001,-0.000697304439019919,-0.006420023987011869
2018-10-10,0.0007770762483495286,0.0,0.0007770762483495286,-0.0001
2018-10-11,0.005838754245866285,0.0,0.005838754245866285,0.0034069951647499484
2018-10-12,0.0035449395827580775,0.0,0.0035449395827580775,0.000983890826518241
2018-10-15,-0.00012131265310242335,0.0,-0.00012131265310242335,0.0016345578574809671
2018-10-16,0.006062694664056623,0.0,0.006062694664056623,0.0031270486829729103
2018-10-17,-0.004671721992685107,0.0,-0.004671721992685107,-0.0021802156725894473
2018-10-18,0.005535062747931185,0.0004814144002918798,0.005535062747931185,0.004989672939200396
2018-10-19,0.003014875945094575,0.005470982930285728,0.003014875945094575,0.010351782949703648
2018-10-22,-0.0031923601357521257,0.0020106164250602854,-0.0031923601357521257,0.0007502302278735495
2018-10-23,-0.0163485645953934,-0.002688540380377735,-0.0163485645953934,-0.016227383291684595
2018-10-24,-0.0048679331065200945,-0.003420627524090858,-0.0048679331065200945,-0.0002
2018-10-25,-0.0005242974677012624,0.0017399296728893066,-0.0005242974677012624,0.00119692773325627
2018-10-26,0.006885394585738514,0.003446436817295817,0.006885394585738514,0.004048207836544115
2018-10-29,-0.0009365713986926761,-0.0005056173040898115,-0.0009365713986926761,0.006697712425162672
2018-10-30,-0.008075642596321254,-0.004374471989736695,-0.008075642596321254,0.0010171797367507062
2018-10-31,-0.006750860509441447,-0.004019451679154296,-0.006750860509441447,2.1545031146697012e-05
2018-11-01,0.001287666526547282,-0.0008813398291146024,0.001287666526547282,-0.002791512349450076
2018-11-02,-0.00014268605288186845,-0.0006419160671409907,-0.0006846021200228591,-0.0001
2018-11-05,0.0004017792047969593,-0.009047169776492291,-0.008645390571695333,0.0
2018-11-06,-0.0026601023063784314,0.008438029629519528,0.0009148327042503678,0.006892583721393597
2018-11-07,-0.0024499315196175654,-0.0031780723724220915,-0.0022789898479629533,-0.006569841582187786
2018-11-08,-0.0019879970674459013,-0.0013695007696477469,-0.0019638591531517145,-0.0001
2018-11-09,-0.000868353000966593,-0.005332635075348158,0.00025866730845280905,0.0
2018-11-12,-0.002557732030944071,-0.007696737610157456,-0.006137894918411347,0.0
2018-11-13,0.007482012051575148,-0.0028175823586015667,0.007359529351201788,0.0
2018-11-14,0.0030079122432551176,0.005209882082865836,0.006830757203902693,0.0
2018-11-15,0.004447132711901891,0.0017092696056662748,0.008414340885716265,0.0
2018-11-16,-0.004846212827938801,-0.010537225002363492,-0.0031188714782070413,-0.003037290496814704
2018-11-19,0.0013224784891409103,0.003642646524756854,0.00038067444584664043,-0.0001
2018-11-20,0.0013751550891295094,-0.005467951907299762,-0.001499586844919265,0.0037959741419943405
2018-11-21,-0.000997355548972445,-0.004934675727352067,0.0038726278780304214,0.002531899798428361
2018-11-22,-0.0005706022930304755,0.0032848272103512153,0.0013874439559591778,0.0012122050477669788
2018-11-23,0.008673321455367899,-0.0003029747843660502,0.007213833428817762,0.0007392822008196909
2018-11-26,0.004295070460127759,-0.0001,-0.0033257486041393227,-0.002594505742706044
2018-11-27,5.043771074619841e-06,0.008875600141933703,-0.003051042780101554,0.0010111129367966654
2018-11-28,-0.0002844885811103426,-0.0001,-0.00707324426962459,-0.0016701796551676252
2018-11-29,0.004889623180015623,0.004515374614074951,0.009504997794090576,-0.0009282311857520487
2018-11-30,0.005827911586542012,0.0007419461621716028,0.006569857748713615,0.002768466713626805
2018-12-03,0.002211604917214993,-0.0026178253445355406,-0.0004062204273205472,0.0008700395195843314
2018-12-04,-0.004362616739319525,-0.0009401526773926472,-0.004462616739319525,-0.004462616739319525
2018-12-05,-0.0009521605818966217,-0.0001,-0.0009521605818966217,-0.0024018680292280494
2018-12-06,-0.0020423775836118764,0.0,-0.0020423775836118764,-0.0001
2018-12-07,0.0007308915899672863,0.0,0.0007308915899672863,0.0
2018-12-10,-0.005331408773879098,8.429615378328101e-05,-0.005331408773879098,0.0
2018-12-11,-8.636833216049133e-05,-0.0006748584757794496,-8.636833216049133e-05,0.0
2018-12-12,0.0009167297805807717,-5.4874722589659444e-05,0.0009167297805807717,0.0
2018-12-13,0.0025982425573022327,0.0001589897696487986,0.0025982425573022327,0.0014561909866447008
2018-12-14,-0.00011124106729329953,0.008237855280180817,-0.00011124106729329953,0.0011643171957672726
2018-12-17,-0.0007653307404363652,3.1344906306729565e-05,-0.0007653307404363652,0.010053679986996267
2018-12-18,-0.0025802518581284017,-0.0001,-0.0025802518581284017,0.0016680014290825329
2018-12-19,-0.005067224616858846,0.0,-0.005067224616858846,-0.0037764497585253353
2018-12-20,-0.0040039111706711705,0.0,-0.003532698199823914,-0.0001
2018-12-21,-0.0021793526917229466,0.00036694563305621485,0.0037308632813489507,0.0
2018-12-24,0.00040167677738328644,0.0019034678128273085,0.0006367734666917979,-0.005302507042254023
2018-12-25,0.002010161639870567,-0.0013015962729212682,-0.007237742491991006,-0.0001
2018-12-26,-0.0024977774612947147,0.009413601768694314,-0.000125162847721616,-0.002744023512483007
2018-12-27,-0.006869373808852108,-0.00045533248496788516,-0.006991466833461857,-0.0001
2018-12-28,-0.009302265987000435,0.0007153820532071587,-0.009274217802867257,0.0
2018-12-31,0.004225208967306271,0.0039081621704779804,0.0073946613000897,0.0008311209675976427
2019-01-01,-0.0005389194318720758,0.003986239518604995,0.0061774735950352435,0.005540705688010572
2019-01-02,-0.0017936701424532187,-0.0018936701424532188,-0.005948712796139744,-0.002166371343775353
2019-01-03,-0.011533249403801248,-0.002246968842560648,-0.006948032201453125,-0.0001
2019-01-04,-0.001161029576667505,-0.001261029576667505,-0.002944451618679578,0.0
2019-01-07,-0.002928797582182052,-0.0019530959832150363,0.0019734470740341292,0.0037394551398371666
2019-01-08,-0.005547277394714644,-0.0012394230994764444,-0.0022788828289290962,-0.0016211817717156408
2019-01-09,0.001776409304581772,-8.45190883619229e-05,-0.0027328907957882677,-0.0001
2019-01-10,-0.0024665708663828335,-0.006297287845599198,-0.0030271437531607438,-0.0024665708663828335
2019-01-11,-0.005110888735819663,0.0006684962439837295,0.0006410999625662495,-0.0001
2019-01-14,0.002731548317019594,-0.0011883472637323144,-0.004710080355057466,0.0
2019-01-15,0.004682329650793471,-0.001338932858205999,-0.0017231764757419388,0.0
2019-01-16,0.000922875560905756,0.0020932958418245938,-0.0031256780019180753,0.0
2019-01-17,-0.004616677775964495,-0.01155083987935176,-0.002542827676504511,-0.004616677775964495
2019-01-18,0.0032851045165948277,0.002161593274234297,-0.004640520032077244,-0.0001
2019-01-21,0.0025769864366565363,-0.0004520134306382984,0.0026830378294938396,0.0
2019-01-22,-0.0016272115746742033,-0.0024784169836905346,-0.00801599750634141,-0.0017272115746742034
2019-01-23,-0.008895473582826696,0.010955019919861886,0.005913928067023022,-0.0001
2019-01-24,0.0038381242290848492,0.003822933265230721,0.0037128665010544904,0.0
2019-01-25,0.0033556742801025942,-0.0002,0.005491636784375054,0.0
2019-01-28,0.001978074919563244,0.0,0.001171103438974841,0.0
2019-01-29,0.0011568626323608,0.0,0.007484177799763447,0.0
2019-01-30,-0.006208700720100135,-0.005463868979029163,-0.0008448317410709727,0.0
2019-01-31,0.007811142595180875,-0.0001,0.00397884443758958,0.003951187814889267
2019-02-01,0.01164478748535811,0.0,0.01154478748535811,0.007973894086252686
2019-02-04,-0.00027829960158960444,0.0,-0.00027829960158960444,-0.0007264903729130245
2019-02-05,-0.0017319233613828366,0.0,-0.0017319233613828366,0.005690974908622104
2019-02-06,0.00571458855331799,0.004242237910747126,0.00571458855331799,0.0038481617586630158
2019-02-07,-0.015303307995377203,-0.0001,-0.015303307995377203,0.003370430811057401
2019-02-08,-0.004659975829206686,0.0,-0.007007906151227794,0.0024479303220211078
2019-02-11,-0.0018338724209943536,-1.2101485391469072e-05,-0.0037754683771398677,0.0019415959561455143
2019-02-12,0.0037611049034097952,0.002126429753501169,0.00260485417123133,0.0011562507321784654
2019-02-13,-0.001550995584343884,-0.0018591624883869784,-0.0026733116027849667,0.001122316018441083
2019-02-14,0.01169631549122412,0.007323982928238049,0.006903418184347365,0.004792897306876753
2019-02-15,0.006044845857396531,-0.0002,0.008403878028629564,-0.002359032171233033
2019-02-18,0.004769472909988614,0.0,-0.0036682561714170615,-0.0001
2019-02-19,0.013009766964323122,0.0,0.013462055129603101,-0.0005522881652799793
2019-02-20,0.01120973763818318,0.0,0.006440160733207545,-0.002022278631274321
2019-02-21,0.0003759980300017451,0.0,0.0007527126290395536,-0.00528001479895821
2019-02-22,0.005360054687523897,0.0,0.006474329348417585,-0.003467028477793799
2019-02-25,0.0184155270129307,0.0,0.00850991161636414,0.003268907569819135
2019-02-26,-0.007571985134568937,0.0,-0.006162938433356491,-0.007821021582942534
2019-02-27,-0.002634960467751091,0.0,0.002514651485283548,-0.0017326019824852375
2019-02-28,0.0009558327316620208,0.0,0.005070472918122526,-0.000912645043252025
2019-03-01,0.002211531110723042,0.0,0.0037576206165196744,0.006137245001205704
2019-03-04,0.00610094602114486,0.0,-0.004416272832091362,-0.010758543941481014
2019-03-05,0.0012239675894136104,0.0,0.00019277325073552287,0.0023302265570836257
2019-03-06,0.00832906810637577,0.0,0.003804865902154919,0.002193264201341616
2019-03-07,-0.004246588990098577,0.003480378827185582,0.00038914934939009437,-0.002856568042927288
2019-03-08,0.004564996140141863,0.004905407467711264,0.002561093505140044,-0.0026443139625712208
2019-03-11,0.006678701842045576,-0.002447454018341677,-0.002915398208923281,-0.0001
2019-03-12,0.022019383549183934,-0.0001,0.007643186106775035,0.0141761974424089
2019-03-13,8.331170353990114e-05,0.0,-0.0024401374007206544,-0.0007956218514749037
2019-03-14,0.008511540088967439,0.0,0.007566853599797474,0.0008446864891699657
2019-03-15,-0.00025065929090328787,0.0,-0.002847612922014875,0.0017574734897115919
2019-03-18,-0.012323655487592289,0.0,-0.008272345962687954,-0.008980017384816597
2019-03-19,0.004941855913855986,0.0,0.004257856154823237,-0.0002
2019-03-20,0.005740468911084706,0.0036909170234872835,0.005134382314530806,0.004464601571770532
2019-03-21,-0.012689229565833182,-0.000618476865030404,-0.011313773101953384,-0.0019861063802992574
2019-03-22,0.006625723040822451,0.002704259367981776,0.005677679716804262,-0.0002
2019-03-25,-0.0061261185142581056,0.0026239232573365802,-0.0016249336111486823,0.0014688017403963083
2019-03-26,-0.007122759124666955,-0.002017110792038035,-0.010168898027041995,0.0031224753604729093
2019-03-27,-0.000489220155257808,-0.007479088387537536,-0.004792283005323306,0.005378467931746345
2019-03-28,0.004039736939650362,0.008955164801066794,0.008020938366687713,0.003180980388757937
2019-03-29,0.002113521343417357,-0.0013813694730756888,0.0015177265918894455,0.0018162383235014068
2019-04-01,0.009259751973411135,-0.003666860208421552,0.004112623628707945,-0.0006931690969000593
2019-04-02,0.012549103132820205,0.0016398046611329153,0.011073200756251156,0.003870237248012276
2019-04-03,-0.008015820498769055,-0.0001,-0.00486624507088782,-0.015509690233300233
2019-04-04,-0.002261104172034778,0.0,0.0007518492553343803,-0.00030000000000000003
2019-04-05,-0.0033190253607751517,0.0,-0.006198664661200626,-0.0011883079095353576
2019-04-08,0.002077207273405146,-0.0008001637539994166,0.001977207273405146,-0.0001
2019-04-09,0.00449400859415845,0.0006484819095223138,0.00449400859415845,-0.0034212773862436372
2019-04-10,0.0033167427090272207,0.0031171731151277806,0.0033167427090272207,0.0005420043598758142
2019-04-11,0.009751071963975677,-0.0001,0.0075060510823808935,0.00012139662612913327
2019-04-12,0.004934640537038693,0.0,0.004150354317686844,0.002518090004749618
2019-04-15,0.0035716329800191014,0.0,0.00468724508322862,0.0013469634971564836
2019-04-16,0.004088509728123757,0.0,0.0013295536958261023,0.0028589560322976547
2019-04-17,0.002933244589349582,0.0,0.0013158234804506509,0.001617421108898931
2019-04-18,0.007116814252704273,0.0,0.007123491539589022,-6.677286884748668e-06
2019-04-19,0.004885664795322797,0.0,0.004476539021905546,0.001691295233322543
2019-04-22,-0.0006691422967894045,-0.0002973141490755559,0.004403223373549481,-0.0013147345746975848
2019-04-23,-0.007593209513748899,-0.002610811633577037,-0.0074932095137489,-0.00878552999337141
2019-04-24,0.0007312545132829307,0.0020000761122690334,0.0007312545132829307,-0.00013864491398168894
2019-04-25,-0.00725341616948133,-0.002920560215392054,-0.006446121650330117,-0.0005247573104502524
2019-04-26,0.02004917072481429,0.014178969866054547,0.01553537355799739,-0.0001
2019-04-29,0.008963527197618105,-0.0002,0.004475871735203585,-0.0032580846810931984
2019-04-30,0.004939086070744203,0.0,0.007860623344482542,-0.0010300846720570855
2019-05-01,-0.0007138480160879368,0.0,-0.0015482566748224347,-0.00030363993119907333
2019-05-02,0.022757389402074148,0.0,0.01556842667523326,0.0020493546893211923
2019-05-03,-0.0004618518927311355,0.0,0.0013492191627106687,0.0005219617672789778
2019-05-06,0.0008148246112231527,-0.0004652644018893536,-0.00022624432359459324,-0.00015644905745024732
2019-05-07,-0.002662833661191466,-0.0001,-0.0021917945480205425,0.0009518650266810869
2019-05-08,0.000980260761702767,0.0,0.001477694905693072,0.002296909495676747
2019-05-09,0.005482620923904324,0.0,0.005382620923904324,0.0057806987960244745
2019-05-10,-0.006044963131410852,0.0,-0.006044963131410852,-0.00013973163043087258
2019-05-13,0.01711280216518025,0.004121209441419038,0.01711280216518025,-0.0001
2019-05-14,-0.012361386593553814,-0.0001,-0.012361386593553814,-0.00418213634264798
2019-05-15,-0.0027640816682440892,-0.0009500086702705412,-0.0027640816682440892,-0.0001
2019-05-16,-0.004885916018948944,0.0012914786094451291,-0.004885916018948944,0.0
2019-05-17,0.01383394918341312,0.003718118263017478,0.01383394918341312,0.0
2019-05-20,5.819777342184196e-05,-0.0001,5.819777342184196e-05,-0.0016087462719822532
2019-05-21,-0.0003016092609244403,0.0,-0.0003016092609244403,-0.0001
2019-05-22,0.008062523557850042,0.0,0.008062523557850042,0.0
2019-05-23,0.010594088102883602,0.0,0.010594088102883602,0.005981880916988513
2019-05-24,-0.0036993797223822565,0.0,-0.0036993797223822565,-0.005144889995529933
2019-05-27,0.0005280428276521976,0.0,0.0005280428276521976,0.0021819626466238915
2019-05-28,-0.018708370386550467,0.0,-0.018708370386550467,-0.004351494940876588
2019-05-29,0.004762499473787962,-0.004996205916931206,-3.3706443143244334e-05,-0.0001
2019-05-30,0.009411336508918611,-0.004182833706121658,0.005757793196407545,0.0044387886689959966
2019-05-31,-0.0058919384707923905,1.1866535745030937e-05,-0.004285066195200682,0.0032112248925385335
2019-06-03,-0.0007553187602814537,-0.003296102333605333,-0.0008873478909377397,0.003079818833049819
2019-06-04,0.004240746711071219,-0.0011832236691594832,0.004826038923275888,0.00035557421646768004
2019-06-05,-0.008739570628117565,0.0004018835805583709,-0.004885343879325488,-0.00495702880476635
2019-06-06,0.00592846275856902,0.002469837028850541,0.002750640896041867,-0.0002
2019-06-07,0.014748263021210262,0.008554357524587164,0.018538128867133973,0.004771617523541394
2019-06-10,-0.017680121378323622,-0.0002,-0.01633616887064231,-0.0037489495795368865
2019-06-11,0.004809705702892209,0.0,0.0026636333323232673,-0.0001
2019-06-12,-0.006118226945171723,0.0,-0.0012051392685434648,0.0
2019-06-13,-0.001745749659214313,-0.0015277775250014502,-0.0016457496592143129,0.0015637563103049201
2019-06-14,-0.010143657587172405,-0.0020727033761800628,-0.013485529059857893,0.0010122287092411031
2019-06-17,0.005883724785230482,0.001101666667826462,0.005983724785230482,0.004266380448200202
2019-06-18,0.00029576939865486593,0.0028644467459073898,0.0018036583368745917,0.003941564838187616
2019-06-19,2.8528843619723966e-05,0.0031754888136773076,-0.00046619882357412656,0.0034215595091048544
2019-06-20,-0.006515549639450435,-0.007708379300666401,-0.006415549639450435,-0.00495817916617618
2019-06-21,-0.005106462123292743,-0.007241787465273497,-0.005840780170788551,-0.0001
2019-06-24,-0.005233745115298461,-0.0009839495418248467,-0.005388525930896848,0.0
2019-06-25,-0.0007464777015513291,0.012131749430051552,-0.000646477701551329,0.0
2019-06-26,-0.0013891075644640205,-0.0017004720217701718,-0.0013891075644640205,0.0
2019-06-27,-0.0005373045526388509,0.0038913869662078994,-0.0005373045526388509,0.0
2019-06-28,-0.0026476772131434068,-0.004400330874095126,-0.0026476772131434068,0.0
2019-07-01,0.003726055537109252,-0.002492137821564866,0.003726055537109252,0.0
2019-07-02,-0.006152858904920145,-0.0035097690294133123,-0.006152858904920145,-0.0018383008533683243
2019-07-03,0.016420213632533275,0.0014362410931802795,0.016420213632533275,-0.0001
2019-07-04,-0.0021275702285310284,-0.0001,-0.0021275702285310284,0.001702555478607859
2019-07-05,0.002026346328402018,0.0,0.002026346328402018,0.0025507571790111872
2019-07-08,-5.85367175105489e-05,0.0,-5.85367175105489e-05,-0.004820493767704481
2019-07-09,-0.0001393958544686047,0.0,-0.0001393958544686047,-0.0001
2019-07-10,0.0012764648865802419,0.0,0.0012764648865802419,-0.003515120881414091
2019-07-11,-0.0015055713547361238,0.0,-0.0015055713547361238,-0.0001
2019-07-12,-0.0004330869381725222,0.0,-0.0004330869381725222,6.833178601274313e-05
2019-07-15,0.007278391055805944,0.005189616160328192,0.007278391055805944,0.003272406222243085
2019-07-16,-0.013975715288562984,-0.007510038422057774,-0.013975715288562984,0.00105903271197606
2019-07-17,0.010251415234917438,0.00019762425533911276,0.010251415234917438,0.0026737498534394446
2019-07-18,0.0013063060594685981,-0.005919388950623161,0.0013063060594685981,0.005274803557909369
2019-07-19,0.0012300276404790366,-0.00559860434838495,0.0012300276404790366,0.0008239686723918727
2019-07-22,0.01922987641825542,0.004434167687051849,0.01922987641825542,0.00860787841127223
2019-07-23,-0.0030103605323230863,-0.0031581479925243405,-0.0030103605323230863,0.002575935993287626
2019-07-24,0.002249463156400977,-0.0002880283749274293,0.002249463156400977,-0.0013232642142313455
2019-07-25,0.008843362198404314,0.0030504077690705956,0.008843362198404314,0.0012681209604290978
2019-07-26,0.00785424308965359,-0.0001,0.00785424308965359,0.003894120199553819
2019-07-29,0.010077413475274355,0.0,0.010077413475274355,0.00948426294081609
2019-07-30,0.005927145960243041,0.0,0.005927145960243041,0.006189339864459043
2019-07-31,-0.007008356398631843,0.0,-0.007008356398631843,-0.005517467814461663
2019-08-01,0.011877362650799684,0.0,0.011877362650799684,0.0014540944457341997
2019-08-02,-0.0011657208575160728,0.0,-0.0011657208575160728,-0.004654000671512615
2019-08-05,0.0047836664614718805,0.0,0.0047836664614718805,-0.0002
2019-08-06,-0.0014070739018147594,0.0,-0.0014070739018147594,-0.003150034187530093
2019-08-07,0.0009463026066353741,-0.0010158201453319804,0.0009463026066353741,-0.001806957942624443
2019-08-08,0.0028150199100698712,-0.0001,0.0028150199100698712,-0.0001
2019-08-09,0.014672244403728297,0.0,0.014672244403728297,0.0
2019-08-12,-0.002841109320761981,0.0,-0.002841109320761981,0.0015513093837172809
2019-08-13,0.006566320903599721,0.0,0.006566320903599721,-0.002586796374510969
2019-08-14,-0.0006843417224539295,0.0,-0.0006843417224539295,-0.004273717674452659
2019-08-15,-0.006054886173450602,0.0,-0.006054886173450602,-0.0001
2019-08-16,0.003130263095898966,0.0,0.003130263095898966,0.0
2019-08-19,0.012075513095702562,0.0,0.012075513095702562,0.0
2019-08-20,0.0168457057896501,0.013166399703836873,0.0168457057896501,0.004876997029643293
2019-08-21,-0.012137325280919552,-0.0001,-0.012137325280919552,-0.006700951339473371
2019-08-22,-0.006795831341341563,0.0,-0.006795831341341563,-0.009817881525908812
2019-08-23,-0.006855124458850836,0.0,-0.006855124458850836,-0.0001
2019-08-26,0.009073638537998053,0.004983606898067839,0.009073638537998053,0.0
2019-08-27,-0.0064463340126710515,-0.0001,-0.0064463340126710515,0.00045044147082061735
2019-08-28,0.0033513367620327194,-0.004113446238413731,0.0033513367620327194,0.004296418512652467
2019-08-29,-0.005540382817586553,-0.0016734053295001327,-0.005540382817586553,-0.0002305845364350745
2019-08-30,-0.0054319060310844105,0.001674703387906451,-0.0054319060310844105,-0.000877503814726921
2019-09-02,0.004264748708231014,0.005544410625245233,0.004264748708231014,-0.0001
2019-09-03,-0.008721319748900603,-0.004215565873659155,-0.008721319748900603,0.0
2019-09-04,0.0023190865463247556,0.009301497721303675,0.0023190865463247556,0.0
2019-09-05,-0.007507395881119217,-0.0002,-0.007507395881119217,0.0
2019-09-06,0.004638104360058603,0.0,0.004638104360058603,0.0
2019-09-09,-0.00216565933989854,0.0,-0.00216565933989854,-0.001000357503803373
2019-09-10,-0.010671684639662948,-0.003736533695581745,-0.010671684639662948,-0.0001
2019-09-11,-0.00040315362899694395,0.0052051941181777365,-0.00040315362899694395,-0.0024132800062418246
2019-09-12,-0.014731485636147946,-0.002613734714905913,-0.014731485636147946,-0.005391567017110366
2019-09-13,-0.005273144694685561,-0.00038662246198150057,-0.005273144694685561,-0.0001
2019-09-16,0.004510265563632676,0.006373671548914994,0.004510265563632676,0.0
2019-09-17,-0.0030580494612721053,-0.0008001938938081096,-0.0030580494612721053,0.0
2019-09-18,-0.0021413202064184513,0.0016958631053753726,-0.002849783446987164,0.0
2019-09-19,-0.008533125105575735,-0.0008493296104465809,-0.009282454716022315,0.0
2019-09-20,0.012630202228722354,-0.0062083333199015045,0.009874107541942978,0.0
2019-09-23,0.002248888299669649,-0.0014447663407630706,0.004579875216635077,0.001796296269729447
2019-09-24,0.007856081545836436,0.005507025494505801,0.008876212829271557,0.0003801036487218745
2019-09-25,-0.0012118266849243443,0.00398883532143679,-0.006450883436584287,-0.0017518850666522923
2019-09-26,0.005402641144376374,-0.0001,0.0008100413111190363,-0.0001
2019-09-27,0.003364984616288158,0.0,0.004519181255481941,-0.003260690452184067
2019-09-30,0.001992865079126438,0.0,0.01611595989758674,-0.0002
2019-10-01,0.0005706591907502445,0.0,-0.0007188552973635964,0.0
2019-10-02,0.0072102169975581274,0.0,0.006023847187603048,0.0
2019-10-03,-0.0005571272365665125,0.0,-0.000172178849477711,0.0
2019-10-04,-0.006912078379475028,0.0,-0.007461338505904957,-0.0017371592890127797
2019-10-07,-0.008399632237431365,-0.006134572634922375,-0.00848224676839988,-0.0001
2019-10-08,-0.006674049427091133,-0.006950313699003808,-0.001397524355287527,0.0008904111674766457
2019-10-09,-0.009752124196568412,-0.0024903133460142724,-0.008894595926422454,-0.0003038931292589364
2019-10-10,0.0024509345772272483,0.004086974074500704,0.005333976456954681,-0.0001
2019-10-11,0.0063318740128103235,0.002332699097214108,0.01019460987346854,0.0
2019-10-14,-0.007052473503352053,0.0014661986319830732,-0.010126884366231725,-0.00858918074763979
2019-10-15,-0.006378347919081406,0.0032681144504474458,-0.0006185474616296815,-0.0002
2019-10-16,0.0039361596283188135,0.0015164588314295236,0.00633155719184364,0.002295397563524826
2019-10-17,0.0033073787220355365,0.0014610622714835264,0.003407378722035537,0.0032944942841496515
2019-10-18,-0.014396836115598666,-0.011064313716136743,-0.013865478989436176,-0.00271109675129213
2019-10-21,0.0014299763336722226,0.003914666919867393,0.0020049622273087043,-0.0001
2019-10-22,0.007588957879853831,0.0007879582047859212,0.008434145987991548,0.001383214353676976
2019-10-23,-0.002772949981832784,-0.0021937145365456432,-0.007377706066771528,-0.001646639610817635
2019-10-24,0.008432687441745556,0.004830601321779604,0.01346328876352516,-0.0001
2019-10-25,-0.002172345797947095,-7.902553189450537e-05,-0.0014426991505289255,0.0018942068808837198
2019-10-28,0.0010096778080383672,-8.055782022300395e-05,-0.002349752006575323,-0.0006701198243890926
2019-10-29,-0.00333001576667461,0.0027298702562204903,2.930055427841083e-05,-0.0001
2019-10-30,0.010329495256005294,0.0070879496087578485,0.0023969576676243554,0.0030415456472474454
2019-10-31,0.002852130761346716,-0.0001,0.004376765909655711,0.0038795696790868473
2019-11-01,0.005224653275465796,0.001787430857257799,0.0010261627309988918,0.00204589255977754
2019-11-04,0.007800796116049513,-0.002556386787176068,-0.0035446076646094005,0.007700796116049513
2019-11-05,0.011324708966223973,-0.0028377970059775713,0.010760419027009638,0.011324708966223973
2019-11-06,-0.008444289854671405,0.012248367249188152,-0.007734421078517517,-0.008444289854671405
2019-11-07,0.0045144198807032685,0.0048452055755240035,0.011394165526151401,-0.0002
2019-11-08,-0.0027119627588616524,-0.0001,0.002204764378028168,0.00014012343954922243
2019-11-11,0.00025353267860839246,0.0,0.0020125154550977077,-0.0001890021860424973
2019-11-12,0.003998932654401632,0.0,0.008433114101757311,-0.0001
2019-11-13,0.0010424661103162424,0.0,-0.0005996077800606292,0.006965624315848673
2019-11-14,-0.004355449671222855,0.0,-0.012572173510032503,-4.248218517071134e-05
2019-11-15,-0.008987398608254038,0.0,-0.012026946748230105,-0.0001
2019-11-18,0.005604537242655638,0.0019618571489404936,0.00957824418868718,-0.0045035309087884
2019-11-19,-0.0012014337817529252,0.000419682024638357,-0.0014024894509809926,-0.0001
2019-11-20,-0.003442922534489279,-0.002098640425283882,-0.0021938298891758024,0.0
2019-11-21,0.0010880528317179562,-0.0001414608405959971,-0.0006045900359027856,0.0
2019-11-22,0.0029597905096595545,0.008751957321639203,-0.002087734794420415,0.0
2019-11-25,0.0025506514048755035,0.006839469959152677,0.005392516381543366,0.0
2019-11-26,-6.343598643460116e-05,-0.0001,-0.0004164606883412025,0.0
2019-11-27,0.008531184857676299,0.0,0.01063788176325824,0.0
2019-11-28,-0.005766986660460471,0.00044951719742861726,-0.0005046337514959198,-0.0027899812777718246
2019-11-29,-0.002761919491870857,-0.001355519783734338,-0.0024622192926145427,-0.0001
2019-12-02,-0.0036503962735160655,-0.0006038099839311472,-0.002118357318605746,0.0
2019-12-03,0.00028003937170069105,0.0058334887770113645,-0.0017983028466943773,0.0
2019-12-04,0.003227485661744378,-0.008083700652078274,0.005566724536527845,0.0
2019-12-05,0.0028601569665980707,0.0005740155918028567,0.0037972707362881495,0.0
2019-12-06,0.0036613726964240144,0.00014923572895875203,0.00437433580291684,0.0
2019-12-09,0.004191505274847196,-0.0030396170026643745,0.006546593380043553,0.0
2019-12-10,-0.004485680879061238,-0.00467874473661749,-0.004385680879061238,-0.005083810971734293
2019-12-11,-0.0034147334920453408,-0.006397028610869726,-0.0018283792480318305,-0.0002
2019-12-12,0.007038078542185511,0.009107854205222709,0.007138078542185511,0.0
2019-12-13,0.0006916464905454723,-0.0001,0.0006916464905454723,0.0029134635312219716
2019-12-16,0.002629943792755085,0.007461688608686267,-0.002026224723508152,-0.0043747834851027515
2019-12-17,0.004294647027484988,-0.0001,0.005690497530202276,0.00526333394856644
2019-12-18,-0.0026940121397027506,0.0,0.0003486076117726222,-0.001656578260895758
2019-12-19,-4.9919650906671276e-05,0.0016095141934372558,5.008034909332881e-05,-0.0010963735647093297
2019-12-20,-0.0010925063918319823,-0.0005208697663136475,-0.0010925063918319823,-7.682902378853811e-05
2019-12-23,-0.0013288798427282921,-0.0001,-0.0013288798427282921,0.004883022091729972
2019-12-24,-0.000939952936069044,0.0,0.0012249907458571573,0.004168790043650328
2019-12-25,-0.0010822619869837792,-0.0029455728958128315,-0.0023628435494774,0.0002827293463354309
2019-12-26,-0.001046261026708195,0.00285417044992754,0.0009103591659188615,-0.0016420794444002018
2019-12-27,-5.377153638841392e-06,0.00039251477533242,-0.002104288371266616,-0.0001
2019-12-30,-0.0028082663614896084,-0.0005786566594635056,-0.002002960574265411,0.0
2019-12-31,-0.008363523719174459,-0.0001,-0.006314757176013752,-0.0027308777599363123
2020-01-01,0.004316299757541176,0.0,-0.0007557459823738455,-0.0001
2020-01-02,0.010245119683084124,0.00042469598438480425,0.009089426485775843,0.001055693197308283
2020-01-03,-0.012967490493834988,-0.0001,-0.006679886498480192,-0.006287603995354796
2020-01-06,0.002805914654514041,-0.0021212741111158785,0.0029059146545140414,-0.0035776584102588547
2020-01-07,0.003500636460676665,0.001973736839683227,0.003500636460676665,-0.0001
2020-01-08,-0.008030729788339897,-0.005070097345865954,-0.008030729788339897,0.0
2020-01-09,0.004524623028849284,-0.00036258931508547086,0.004524623028849284,0.0
2020-01-10,0.015065673957744875,0.0027481849607121967,0.015065673957744875,0.0
2020-01-13,-0.0018612468850882301,7.508226456208753e-05,-0.00021373395192285648,0.0037036180443040913
2020-01-14,0.004219417755284982,-0.002443736049310341,0.004229237586216272,0.003984613035463447
2020-01-15,-0.0009927977834833345,-0.005779184813867832,-0.0038719457443043837,-0.0012512680551158618
2020-01-16,0.012148894750056538,-0.001632457005729382,0.004446839836674155,-0.0001
2020-01-17,0.008464737577249836,0.00289148218443227,0.008713812999054027,0.00807217407854619
2020-01-20,0.00956877067992239,-0.004239893917368431,0.004536898615540607,0.0016232822627939014
2020-01-21,0.014008145801477712,0.0020494629374458117,0.01149044291862733,0.006513190204351893
2020-01-22,0.004436455034471964,0.0015352589624946678,0.005783885463481875,0.0034293037087572698
2020-01-23,0.007583676659970307,-0.0001,0.0071661755735722196,0.002414523571819627
2020-01-24,0.0057630054253754006,0.0,0.005577193011879711,0.008078754633528662
2020-01-27,-0.007347933852946209,0.0,-0.003108215925643676,-0.0027890786018166525
2020-01-28,0.010104557780560164,0.0,0.004225738740617002,0.0018769366252105678
2020-01-29,-0.004527142459382838,0.0,0.0018759012747780134,-0.008591634305975792
2020-01-30,0.011536697372731552,0.0014546711590139316,0.005864886350514453,-0.0002
2020-01-31,0.010337546559617583,-0.0001,0.005717949050641091,0.000952041652811042
2020-02-03,-0.001126534010445024,0.0,-0.0007365549734495103,-2.011631913636496e-05
2020-02-04,0.003676210351982734,0.0,0.007217131644603958,0.005155640225529623
2020-02-05,-0.0070590221710234435,0.0,-0.006959022171023443,-0.0044983064075735935
2020-02-06,0.003115419897551941,0.0,0.0009147409765459357,-0.0002
2020-02-07,0.0022131141333352478,0.0,-0.0013856136320050893,0.0
2020-02-10,-0.001405015101438134,0.005539040540265094,-0.0028179195629416177,0.0013129044615034836
2020-02-11,0.0048552386618374134,-0.0001,5.2931126151056776e-05,0.004802307535686357
2020-02-12,-0.007610908889717627,0.0024687233142821952,-0.005039401532179899,-0.002571507357537728
2020-02-13,0.007099707845896685,-0.0001,0.005936123584100117,-0.0001
2020-02-14,-0.01383132976968906,0.0,-0.01393132976968906,0.0
2020-02-17,-0.002866853454955143,-0.00704566491786488,-0.002866853454955143,0.0
2020-02-18,0.0014420957877787632,-0.0030208505473423575,0.0014420957877787632,0.0
2020-02-19,-0.005667573862535136,-0.0026134132842486222,-0.005667573862535136,0.00043022512394118594
2020-02-20,0.013152812781103052,0.002447024472207804,0.013152812781103052,0.0020308827273344044
2020-02-21,0.0016138567889758316,-0.0029703474897713965,0.0016138567889758316,-0.001471296841320102
2020-02-24,-0.011872244370279427,0.0010584312928656025,-0.011872244370279427,-0.01304803518899078
2020-02-25,-0.011337914889995648,-0.0001,-0.011337914889995648,-0.0001
2020-02-26,0.00256492912620776,0.0,0.00256492912620776,0.0
2020-02-27,3.786691101073103e-05,0.005063796811630572,3.786691101073103e-05,0.0
2020-02-28,0.020058508586165136,0.012455298751510736,0.020058508586165136,0.0
2020-03-02,-0.010145145796258049,-0.00499004260999224,-0.010145145796258049,0.0
2020-03-03,-0.0012398256138719034,-0.0020073723990293724,-0.0012398256138719034,0.0
2020-03-04,-0.00666305361029087,0.0002903555811503367,-0.00666305361029087,0.0
2020-03-05,0.0024662598329533215,-0.0013836918040566748,0.0024662598329533215,0.0
2020-03-06,0.0092688131102453,-0.0002,0.0092688131102453,0.0
2020-03-09,-0.0005531570002385245,-0.0010238128630704613,-0.0005531570002385245,0.0
2020-03-10,-0.0022993951265884993,-0.0001,-0.0022993951265884993,-0.004670178765315935
2020-03-11,0.009606871218623757,-0.0037946064813021763,0.009606871218623757,0.00034603087132929495
2020-03-12,-0.0069391421492399855,-0.004783224002575204,-0.0069391421492399855,-0.003250102489259066
2020-03-13,-0.003446928415737638,-0.002283649325709036,-0.003446928415737638,-0.002405445734215539
2020-03-16,-0.003782189952123982,-0.003029666310146939,-0.003782189952123982,-0.0044103787941106145
2020-03-17,-0.004965639276997458,-0.004597889481868544,-0.0035053277563756426,0.00325491706656591
2020-03-18,0.008604928942985835,0.00043125209367733675,0.00926610855229364,-0.004344152728828288
2020-03-19,-0.0013222612139742074,-0.001884571655120415,-0.00012320930230014238,-0.00019106049283548182
2020-03-20,-0.007187179362092189,-0.0032995609705486983,-0.004747081469348191,-0.0008801008259747389
2020-03-23,-0.0009501479418416836,-0.0019462276623550823,-0.0008501479418416835,-0.0001
2020-03-24,0.011619898878488666,-0.002629669117698963,0.011619898878488666,0.0
2020-03-25,-0.014955866437664023,-0.006915259597714041,-0.014955866437664023,-0.004175700443119002
2020-03-26,0.0011594744430280524,0.0012398787160641134,0.0075499388469285385,-0.0001
2020-03-27,0.005061990504309633,0.0024267465257638452,0.005161990504309632,0.0
2020-03-30,0.0067273399980293915,0.0019198994049653417,0.0067273399980293915,0.0
2020-03-31,0.009189579133710834,-0.003886105960111785,0.009189579133710834,0.0
2020-04-01,0.0066039044570739055,0.0019688806751109846,0.0066039044570739055,-0.00037789183280232395
2020-04-02,0.008665631210257586,-0.0001,0.008665631210257586,0.0046442190840436885
2020-04-03,0.00023004545150162592,0.0,0.00023004545150162592,0.002723674358757955
2020-04-06,0.005992574454885524,0.003610355429868528,0.005992574454885524,0.0026356888177312744
2020-04-07,0.005193037304101411,-0.005053079548373129,0.005193037304101411,0.00872117941063717
2020-04-08,-0.008659468748328635,-0.0012860732244358796,-0.008659468748328635,-0.011524542398589188
2020-04-09,0.009459947884194774,0.006223284285041241,0.009459947884194774,-0.0028229465214234194
2020-04-10,-0.0016243698337649493,-0.0001,-0.0016243698337649493,-0.0001
2020-04-13,0.0007074454516656558,0.0,0.0007074454516656558,0.0
2020-04-14,-0.008923345762979217,0.0,-0.008923345762979217,0.0
2020-04-15,-0.009565164183341279,-0.008703523910054944,-0.009565164183341279,0.0
2020-04-16,-0.005377888722087465,-0.0007191703348199963,-0.005377888722087465,0.0
2020-04-17,-0.005856709354067524,-0.006604085870865595,-0.005856709354067524,0.0
2020-04-20,0.0040062438756854005,-0.001611715195606167,0.0040062438756854005,0.0
2020-04-21,-0.007786060210197132,0.000848422002422844,6.192732650593946e-05,0.0
2020-04-22,0.005811657721902674,0.01205741049868685,0.005911657721902675,0.0
2020-04-23,0.0010685734923550961,-0.0002,0.0010685734923550961,0.0
2020-04-24,0.002348143870447461,0.0,0.002348143870447461,0.0
2020-04-27,-0.004356744956861891,0.0,-0.004356744956861891,0.003305046451810367
2020-04-28,0.00872975810924943,0.0028984708486505693,0.00872975810924943,0.004322995935329565
2020-04-29,0.0069050818036664905,-0.0001,0.0069050818036664905,0.005043199256694997
2020-04-30,0.012498794857760087,-0.0026104181456632625,0.012498794857760087,0.009431926462427931
2020-05-01,-0.007075035407665386,7.86702876165446e-05,-0.007075035407665386,-0.007412370649072952
2020-05-04,-5.2890893798474005e-05,-0.0007878423999629902,-5.2890893798474005e-05,-0.0004
2020-05-05,-0.01445074501994541,-0.006535247949147305,-0.01445074501994541,-0.005841064505969207
2020-05-06,-0.008415520539875421,-0.0012044391782657592,-0.008415520539875421,-0.0001
2020-05-07,-0.0036786843193422182,-0.004133876697062733,-0.0036786843193422182,0.0
2020-05-08,0.0026864288144064718,0.003722743240679738,0.004278604758067716,0.0
2020-05-11,0.011592675632015215,0.012552026544495554,0.011692675632015214,-0.0005796421223615343
2020-05-12,-0.0014840853830765167,-0.0002,-0.0014840853830765167,-0.0001
2020-05-13,-0.000393788484126667,0.0058107731592544785,0.0056169846751278115,0.0
2020-05-14,-0.006275587364144986,-0.0001,-0.006175587364144986,-0.003614946966568622
2020-05-15,-0.005196045953228578,0.0,-0.005196045953228578,-0.0013776995286698846
2020-05-18,-0.010192711602743132,0.0,-0.010192711602743132,-0.0001
2020-05-19,0.0053720044204184966,0.0034164063543243527,0.0053720044204184966,0.0
2020-05-20,0.0020066726123552313,-0.003539177935221871,0.0020066726123552313,0.0
2020-05-21,0.00445322410917619,-0.001207025110199944,0.00445322410917619,0.003066891803611793
2020-05-22,-0.012164186646919716,-0.004019553528425835,-0.012164186646919716,-0.006293309677070658
2020-05-25,0.002995614418282133,-0.0010177291593894688,0.002995614418282133,-0.0001
2020-05-26,0.0015004158714556626,0.0025909757725213977,0.0015004158714556626,0.0
2020-05-27,-0.0061756974709378685,-0.003271702112680608,-0.0061756974709378685,0.0
2020-05-28,0.0031615084786677404,0.00765655052797094,0.0031615084786677404,0.0
2020-05-29,-0.0017182628576959847,0.0027522980528635332,-0.0017182628576959847,0.0
2020-06-01,0.005680620166105243,-0.0001,0.005680620166105243,0.0
2020-06-02,-0.0029557158356988246,0.0,-0.0029557158356988246,0.0
2020-06-03,0.0001811004021809115,-0.007220265991640473,0.0001811004021809115,0.0
2020-06-04,-0.004234373176036854,-0.0036888197693959015,-0.004234373176036854,-0.0007455534066409529
2020-06-05,-0.007773353802389282,-0.0066077116065187515,-0.007773353802389282,-0.002756375894295016
2020-06-08,0.00443898052705527,0.0022916776591535458,0.00443898052705527,-0.0001
2020-06-09,0.013106530409925909,0.016710181359633525,0.013106530409925909,0.0017424496084421093
2020-06-10,7.549834108976361e-05,-0.0002,0.0044248090407744915,0.005296708676591155
2020-06-11,0.006044128111977742,0.0,0.011532918523006041,0.006870736838335556
2020-06-12,0.00544977560204013,0.0,0.00554977560204013,0.0042990053814766505
2020-06-15,-0.013137428730986934,0.0,-0.013137428730986934,-0.004191183830639678
2020-06-16,-0.007747942422350729,0.0,-0.007747942422350729,-0.0002
2020-06-17,-0.0015860497330852374,0.0,-0.00594897805686756,0.0
2020-06-18,-0.007612040084721739,4.91014139752167e-05,-0.007462938670746521,0.0
2020-06-19,0.012184619995119394,0.012539580221210867,0.013902641464330224,0.0
2020-06-22,-0.0052421813003699965,0.0010406779971158576,-0.007757108918228406,-0.00022483361859783048
2020-06-23,-0.0021190137809756647,0.0008941389607582728,0.0003082858699883895,-0.0001
2020-06-24,0.002356173810248996,-0.0002,0.002552473265891675,0.0
2020-06-25,0.005092017959823325,0.0,0.000787488692381011,0.0009133302700754409
2020-06-26,-0.00010488675763875577,0.0,0.005566727614602707,-0.00010983478376314082
2020-06-29,0.0040873492886774445,0.004147994603854588,0.010582711887617701,-0.0001
2020-06-30,0.013836605696835003,-0.0001,0.01585684912819483,0.005593252621793832
2020-07-01,0.0022872446225164376,0.0,0.0033253202734190744,0.002187244622516438
2020-07-02,0.012492756366781942,0.0,0.010202031227709874,0.0034356513147347444
2020-07-03,-0.0032205022687061603,0.0,0.005713683692132698,-0.0034205022687061604
2020-07-06,0.008458688240916824,0.0,0.0024589444288809935,0.0011862505499791065
2020-07-07,0.015267276682678466,0.0,0.002013111467647133,0.0018147938959391153
2020-07-08,0.004796543713081159,0.0,-6.548519588156498e-05,0.004596543713081158
2020-07-09,0.006316310196429887,0.0,0.0005077117777946949,0.00887024227961052
2020-07-10,-0.01284711108223815,0.0,-0.009702603033296819,-0.004244048476278672
2020-07-13,-0.004213654405410905,0.0,0.0005264349098831999,-2.222018135162856e-05
2020-07-14,0.000509180464714154,0.0,0.006329058826739819,-0.0005449206237934101
2020-07-15,-0.002823116684174465,0.0,-0.0045843543554167756,-0.0001
2020-07-16,0.0017208259230006683,0.004580701873699,-0.0017738898634579892,0.0
2020-07-17,0.0004979512159899446,-0.006122069995830415,-0.0012091519737192247,0.0
2020-07-20,-0.008229546973175883,-0.0006649186376468717,-0.010207703634665721,-0.0027479233862960028
2020-07-21,0.0043502935702937505,-0.01030790983405211,0.002926469275963184,-0.0001
2020-07-22,-0.0003832213374693305,-0.004300860137562789,-0.0039855040429646275,0.0
2020-07-23,0.002564947816972696,-0.0009733945988999015,0.0006076205457525407,0.004033377730484555
2020-07-24,-0.005200803350586258,-0.005860987345357183,-0.004989850939326046,0.004902890764952206
2020-07-27,0.005182851385931986,-0.00186142650426937,0.001359358566052149,0.003723492819879837
2020-07-28,0.008286443449064462,0.013690816203990453,0.006806858634621627,0.0014795848144428358
2020-07-29,-0.0002888278931457933,-0.00024899983040941296,-0.00024011049490613168,0.00510334546107617
2020-07-30,-0.00482068790384349,-0.0001,-0.006655619618677821,-0.007442348221577133
2020-07-31,0.005297823136555846,-0.003843354299680646,0.001284985078029144,0.003812838058526702
2020-08-03,-0.009492176263016483,0.004982069985928972,-0.012331527731179492,0.0028393514681630096
2020-08-04,0.008408088080956855,0.0003878335074298356,0.004927867784974715,0.0034802202959821394
2020-08-05,0.002696134750796819,0.0019390128112691141,0.001920865663401905,0.0007752690873949142
2020-08-06,0.002872013547852226,0.0016456521971665362,0.000333548354713975,0.002538465193138251
2020-08-07,0.005036487053510586,-0.0001,0.0010305680280159545,0.004005919025494631
2020-08-10,0.011990912507869966,0.010829501989705193,0.012465830594523197,-0.000474918086653231
2020-08-11,-0.007439244684491153,-0.0001,-0.0033681222847568248,-0.0001
2020-08-12,0.0013155526288471497,0.0,-0.004374105983050725,0.0
2020-08-13,0.003436390062660788,0.0,0.0014936164592707524,0.0018427736033900354
2020-08-14,-0.0027546470613244224,0.0,-0.001401627744945766,-0.0014248867643318784
2020-08-17,-0.00013540242494076705,0.0,-0.0009469058543538411,0.002932269758913475
2020-08-18,-0.005052988411440351,-0.00030225787872147905,-0.00431630787689401,-0.0005830998333578585
2020-08-19,0.0030596814828425358,-0.003363304961193658,0.0009708278352918098,0.006114072898392098
2020-08-20,-0.005179929047046739,0.0018500584190488834,-0.0004138589286947768,-0.006696789919134871
2020-08-21,-0.00275199701834159,-0.004673583124048064,-0.008472657451481225,-0.000635117183083411
2020-08-24,-0.006812766834177131,0.0007103467399732111,-0.0050943489458995074,-0.0019184178882776237
2020-08-25,-0.00589177139420648,-0.0030069301973340125,-0.005791771394206479,-0.001406092089637223
2020-08-26,0.0017978104102474469,0.0025319649036404266,0.0017978104102474469,-0.0001
2020-08-27,0.0031649545762126195,0.007426243195337645,0.007297051043792968,0.0
2020-08-28,0.005727437843078475,0.0015605670431878215,0.005927437843078476,0.0
2020-08-31,0.0033403805042823364,-0.007570512474903745,0.0033403805042823364,0.0
2020-09-01,0.0020226077001569863,-0.004360449298588409,0.004482569784633084,0.0031844333689973634
2020-09-02,-0.007404887666303461,0.007044909942285305,-0.006626686732100917,-0.003104362238335312
2020-09-03,0.011936386174902568,0.009559828628558531,0.01203638617490257,-0.0001
2020-09-04,0.004206524057959205,-0.0001,0.004206524057959205,0.0
2020-09-07,0.008294381124409144,0.0,0.008294381124409144,0.008401866739220443
2020-09-08,-0.00523318767469384,0.0,-0.0016213820630043064,-0.010908907011318724
2020-09-09,-0.0027943064510484116,0.0,-0.009181477426671636,-0.00030000000000000003
2020-09-10,-0.0013067197859076174,0.0,0.00025326816433781654,-0.001659987950245434
2020-09-11,0.002885927756271345,0.0,0.0004245359664591941,-0.0001
2020-09-14,0.0032370235053013506,0.0,-0.0008297586684258062,0.003966782173727157
2020-09-15,0.004011126423605571,0.0018262063257435956,0.0026436627108853638,0.0013674637127202073
2020-09-16,-0.0070176475355451465,-0.0015605415513807118,-0.0036303895219460315,-0.0033872580135991147
2020-09-17,-0.006622350245743069,-0.004921958379824232,-0.0058541954053096925,0.0036169772409366586
2020-09-18,0.005643476434241812,0.0018583706061457207,0.0054216597499421315,-0.0005736913814222255
2020-09-21,0.00019665873414314027,-0.0005942338249316891,-0.0012542718727768687,-0.0001
2020-09-22,0.01679334398808985,0.0023321563859534655,0.014304537873117118,0.007855946262121128
2020-09-23,0.0021108053444722774,0.00352546560036453,-0.000732095275465694,-0.003546734581017552
2020-09-24,0.007759586223877291,-0.0001,0.004043282495913569,0.003516303727963721
2020-09-25,-0.0002427895911382816,0.0,0.0020372364761259256,-0.002280026067264207
2020-09-28,-0.004097933154817057,0.0,-0.006610740581598429,0.0003527670780997695
2020-09-29,-0.008863438414794977,0.0,-0.004662897463090588,-0.002069641537120159
2020-09-30,0.006609323606401207,0.0,0.006191169713086553,0.0005273227743794241
2020-10-01,0.003346606437899524,0.007156175148295252,0.00591671712009414,0.0020899168887451025
2020-10-02,0.004394262837837481,-0.0020174528155653348,0.008689188598419407,0.004229071849280197
2020-10-05,0.005788834667958154,0.002231154036623584,0.005888834667958154,-0.0017932091805835549
2020-10-06,-0.0001773222192683498,-2.3352323117475927e-05,-5.3969896150873883e-05,-0.0002
2020-10-07,-0.00262321412308717,-0.0001,-0.0051332469245610746,-0.0002244714629906163
2020-10-08,-0.00039215881719973923,0.0,0.003428245957010101,-0.0001
2020-10-09,0.008254766390240564,0.0,0.011190508193741122,0.007229132022846174
2020-10-12,-0.007796904447755826,0.0,-0.007601810095963968,8.346267008274566e-06
2020-10-13,-0.005101013025307788,-0.0024646600015520437,-0.003513246280005733,-0.00051994743435273
2020-10-14,0.004270622397741353,0.004501659767741395,0.004370622397741353,-0.0001
2020-10-15,0.004321064546775522,-0.001684079665119409,0.004321064546775522,0.005654235972604249
2020-10-16,-0.004554704359231087,-0.0001,-0.004554704359231087,0.004306491642075816
2020-10-19,-0.001954940485628742,0.0009397936687411068,-0.001954940485628742,-0.0030947341543698494
2020-10-20,-0.0033180051999903925,-0.005300381500061568,-0.0033180051999903925,-0.0001
2020-10-21,-0.0025126627939951905,0.004437566299658147,-0.0025126627939951905,-0.0023863578314162635
2020-10-22,-0.001867822681693576,-0.0017504748742980802,-0.004617877111627933,-0.0001
2020-10-23,0.005982422363676809,0.0005329233575423477,0.007720964486239756,0.0
2020-10-26,-0.008249037662686098,-0.0011876087663470702,-0.006999402874861738,-0.003544029369163726
2020-10-27,0.0007622802740955726,-0.0022408554250492817,0.0013487261787828997,-0.0001
2020-10-28,-0.007818913606250288,-0.008939540190251071,-0.007216167462964029,0.0
2020-10-29,0.009728671662870659,0.006447892028165025,0.008805121727824572,-0.0005431600607416098
2020-10-30,-0.008319681313296278,-0.0001,-0.008593897247884286,-0.0001
2020-11-02,-5.098974201755979e-05,-0.0004584251056096166,-0.005403264724203538,0.0
2020-11-03,-0.00545119499421951,-0.0031007199841300514,-0.009217454584474694,0.0
2020-11-04,0.004185228712094036,-0.001373401102503624,0.0012141336831692716,0.0
2020-11-05,-0.0029745427125853264,0.0005593348276623058,-0.0022152078849230206,0.004033025702367288
2020-11-06,-0.00935644093440402,-0.0020240713485475403,-0.006260880992490003,-0.0044368096439424635
2020-11-09,-0.007289296806717816,-0.005655783407949355,-0.007646516517934754,-0.0001
2020-11-10,0.0003272212589818579,-0.007509659949373038,-0.0002837089120967029,0.0
2020-11-11,-0.00819738883902359,0.00045446057514625393,-0.005337830199311866,0.0
2020-11-12,-0.0024638424382402934,0.005089217655433342,-0.0033130207047112003,0.0
2020-11-13,0.0072694261775251515,0.009338762168557935,0.008948510480227156,0.0
2020-11-16,0.012741725134943205,-0.0008270383352268149,0.013862301951467182,0.0
2020-11-17,-0.009031110270429443,-0.005312824232616187,-0.01224153053269339,0.0
2020-11-18,0.005647649634215268,-0.001708116847126595,0.006478768440948857,0.0
2020-11-19,-0.0007361482181262646,0.0017748081174731923,-0.00017814060124623498,-0.0004056443865423919
2020-11-20,-0.00427717333089872,-0.0001,-0.007052720088244558,-0.0001
2020-11-23,0.007137475563544937,-0.00743942742528556,0.004639223831126071,0.0
2020-11-24,0.0026330193089370013,0.007931475090320494,-0.00044865629743124914,-0.003436191175234982
2020-11-25,0.004228809878116202,0.0032775182389711555,0.007706328117087357,-0.0001
2020-11-26,-0.004887370233977251,-0.0001,0.0004638111856450688,0.0
2020-11-27,-0.0014991836817318748,0.0,0.00030995264581203943,0.0
2020-11-30,-0.0011941506399743673,0.0,0.002781650150675086,0.0
2020-12-01,-0.007793972318228393,0.0,-0.007039040927380757,-0.0033638334402298687
2020-12-02,-0.0009145463760612982,-0.0021312162704959945,-0.0031676528248285817,-0.0014364365543325873
2020-12-03,-0.007968652450849578,-0.004039942928522366,-0.007868652450849578,0.0048011093296755234
2020-12-04,0.0030246515464041114,0.0011073335504537152,0.0019366539721179076,0.004096784355254002
2020-12-07,-0.01006110055567352,0.0026355499438113104,-0.004757977038646421,-0.005482056568432647
2020-12-08,-0.007925714757700476,-0.005709254033784405,-0.009224514889184276,-0.0002
2020-12-09,-0.001351016797559712,-0.0068384154739889345,-0.004860563907008531,-0.00033338645031594216
2020-12-10,0.002960588031933764,0.00096155865475136,0.005021398307773262,-0.001471272734638096
2020-12-11,-0.00842465702378158,0.0027442356501074182,-0.005465868004180719,-0.001735490492271996
2020-12-14,0.01028141195397837,-0.005593523875491069,-0.002302153432435916,-0.0001
2020-12-15,0.004752268647045033,0.001688689184934189,0.002534281592574672,0.005166753808995217
2020-12-16,0.005227203803518199,-0.0001,0.003801496352224154,0.0025932122744156683
2020-12-17,-0.00799100599883773,0.0,-0.006709968805475896,-0.0018317864411946827
2020-12-18,0.01800730079149946,0.001954134579524458,0.002639694726722164,-0.0001
2020-12-21,0.006377107462922971,-0.0001,0.0038551059610927975,0.00382687404499904
2020-12-22,0.0033524132946272543,0.0,0.003692930061569921,0.0037426737363656314
2020-12-23,-0.003193062628828169,0.0,-0.001834223989489181,-0.0007984236738563189
2020-12-24,-0.006577861753873526,0.0006526240015917729,0.004944587251144971,-0.0002
2020-12-25,-0.00574193793580644,-0.0001,0.003654283963244431,0.0
2020-12-28,0.007416869620039313,0.005291895243303401,0.00898585938110641,0.006575059075106615
2020-12-29,0.0013986220099306058,0.0018135489224507916,-0.00832345590120368,0.004770185747709721
2020-12-30,-0.0003488073727153207,-0.001082891536615249,0.0002732332214931743,0.0013647166364684881
2020-12-31,-0.003692519323829124,-0.005420465318220003,0.00027961994934323504,0.0003786389529921275
2021-01-01,-0.00255529097219217,-0.006659595092297721,-0.0038756430631388117,0.000576495666066268
2021-01-04,0.00017854591032728795,-0.0014959944216925037,0.0024327274166543013,0.0008907066386768303
2021-01-05,-0.007469955207411871,-0.008061406403238724,-0.0041200865652412984,-0.0016777514442625873
2021-01-06,0.0007993175515369933,0.004251019539534251,0.0009006390539549214,-0.0001
2021-01-07,0.002799633797876333,0.005581771595076779,9.80441314357039e-05,-0.007635003707051502
2021-01-08,-0.009436436518900648,-0.0001,-0.004779096532124405,-0.0002
2021-01-11,0.01367817387650606,0.0,0.006305475695413154,0.0
2021-01-12,-0.008764464173641962,0.0,-0.006663892637566904,0.0
2021-01-13,-0.005200077442443418,0.0,-0.003107177882919676,0.0
2021-01-14,-0.02487887674030025,-0.003283663890599642,0.002024842445531627,0.0
2021-01-15,-0.004287383262931865,0.0004417398387090765,0.0013633681661729736,0.0
2021-01-18,0.00017267589177573096,-0.0010860059044367819,-0.002018532138471807,0.00280181729647605
2021-01-19,0.007889537250664335,0.0050536418168956486,-0.00035141767025239636,0.00235815996749813
2021-01-20,0.002981405003764104,-0.00297543103247212,-0.0056240558137537365,0.00011504803809203601
2021-01-21,0.0002951097939333902,0.006963853050614466,9.816548505374723e-05,-0.0025596072905209157
2021-01-22,-0.0018918684960570475,-0.0002,0.005430985744623418,-0.0001
2021-01-25,0.003731257395509635,0.0,0.0004223788790119087,0.0
2021-01-26,0.011042450543796845,0.0,0.0008647042308211117,0.0
2021-01-27,0.0007917908183011302,-0.0008836332019626636,-0.0049860736815176,0.0
2021-01-28,0.004560799628920998,9.282130542218603e-05,-0.0019401128775857757,-0.00012404336383530214
2021-01-29,-0.0076597031606127075,-0.0001,0.00042192047397404675,-0.0023224038812103666
2021-02-01,0.01003276511569635,0.003415853149857129,0.00282607106589694,0.0015660194721746957
2021-02-02,0.007844113008112252,-0.0016783182404756958,0.0027985961062063857,0.0043769143466820815
2021-02-03,0.0017173042974998887,-0.00018692815611258683,-0.0020128052343701074,-0.0018258770782575207
2021-02-04,-0.004893294553264626,-0.0001,0.002431784314406915,-0.0001
2021-02-05,0.001519258310480598,0.0,-0.0040887209500550135,0.0006488445189944847
2021-02-08,-0.002881827540273707,0.0,0.00415534892573457,-0.0018241629474940347
2021-02-09,-0.002023567612569721,0.0,-0.005950871826025428,-0.0001
2021-02-10,0.003137084204256746,0.0,0.0032320019149630562,-0.003164790383065419
2021-02-11,0.005102327258322681,0.002426656295554952,0.006993297534547427,-0.0001
2021-02-12,0.0003577887574779504,-0.0001,-0.004025344901414207,0.000665574817914727
2021-02-15,0.015379700340328827,0.0,0.014501773887040326,0.009960948392665214
2021-02-16,0.009935900025320254,0.0,0.015383787598509979,0.0073206319486359365
2021-02-17,-0.004999065941630976,0.0,-0.003750488075765124,-0.005099065941630976
2021-02-18,0.001174508826264109,0.0,0.0062067908753750565,0.003892192417100726
2021-02-19,-0.008547893886029612,0.0,-0.004609885219851928,-0.0005874036827426598
2021-02-22,-0.006928264199932599,0.0,0.0034254121317393027,-0.0001
2021-02-23,-0.001417170035848514,0.000838984928471953,0.0011970920000819562,0.0
2021-02-24,0.004732124382375036,0.0029438080652009367,0.001237629071363333,-0.0007506872458107659
2021-02-25,0.004368771540519489,0.006602466703356358,-0.0023336951628368683,-0.001998995630399425
2021-02-26,-0.008950637235415605,-0.0001,-0.008826328049949516,-0.0001
2021-03-01,0.0007289496634079184,0.0,0.005936349703411082,0.0008371864812055984
2021-03-02,-0.002027848150697864,0.0,0.0018971007242527982,0.0032389625025044276
2021-03-03,0.00045077205755531544,0.0031911077850184434,0.00805604078165505,-0.0031640952979402836
2021-03-04,-0.0021911250799231397,0.0020489242975715973,-0.000652037109573822,-0.00229112507992314
2021-03-05,-0.004934010968742353,-0.0001,-0.010477693949287192,-0.0001
2021-03-08,0.002785093847231557,0.0,-0.003926726257390656,0.00291320062468049
2021-03-09,0.0036430783091285666,-0.0024689515382439685,-0.0017509430015260508,0.001209137761758594
2021-03-10,-0.013309099498115307,-0.0037977187462824745,-0.010995787776563893,-0.0015575422154551655
2021-03-11,-0.0012486970874796997,-0.002297503278591473,-0.0032462003660711724,-0.0001
2021-03-12,0.0016127642023763822,0.0034844539413135035,0.005297218143689886,0.0
2021-03-15,0.0077439637479867485,-0.001080571273096087,0.002044300981494862,0.0
2021-03-16,-0.008294694348207598,0.0018842193955616704,-0.006652674106921075,0.00023386565977616698
2021-03-17,0.005869067911532788,0.0006960686630869573,-0.000452978307618479,0.00497299924844583
2021-03-18,0.0023058289149723854,0.004878001699537426,0.00964145358030435,0.0074895898324587205
2021-03-19,-0.002869096207064181,-0.0001,-0.010249139847556132,0.007024786835335683
2021-03-22,-0.006322367969699027,0.005438422314555369,0.006116907764337265,-0.006222367969699027
2021-03-23,-0.0032115930396592884,-0.0001,0.0007530398733195387,-0.004019095165795172
2021-03-24,-0.010026003772258341,0.0,-0.006364194710755911,-0.0001
2021-03-25,-0.007899425673915106,0.0,-0.012241371108966925,0.0
2021-03-26,0.0007228360323771943,-0.0014341056946281406,-0.0013341056946281405,0.0
2021-03-29,-0.0019085249520865988,-0.0059760610127227,0.0010160494828691745,0.0
2021-03-30,-0.0014916466209807244,0.0071414119889218865,0.003064666082501821,0.0
2021-03-31,-0.0021987621596131325,-0.0021987621596131325,-0.0030018857643043352,0.0
2021-04-01,0.0011605220480377376,0.0011605220480377376,-0.0015947310939903093,0.0
2021-04-02,0.001164364340128099,-0.0005151760095489676,0.004346039323572359,0.0
2021-04-05,-0.0001362726728052488,-0.0027549130557820043,-0.003444355353311934,0.0
2021-04-06,-0.0035773909939936788,0.002636919062211307,-0.000284276415951612,0.0
2021-04-07,0.003686004834154044,0.004604944977875736,-0.0021124894897372793,0.0
2021-04-08,0.0035146768516076676,-0.0001,0.0003088058190564125,0.0017445828141054221
2021-04-09,-0.001373436527896188,0.0,-0.006414915695859924,-0.011737887628531073
2021-04-12,0.004952519414156998,0.004677137349562955,0.009729656763719952,-0.0001
2021-04-13,0.00017314331481204092,-0.009443094996980228,-0.005903164692820773,0.0
2021-04-14,-0.0018873859258631276,0.002758743584419454,-0.005842274506654666,0.0
2021-04-15,-0.0009574514416178737,0.001276261883144203,0.0014675320581377439,0.0
2021-04-16,-0.0045102355733306785,-0.0027199120265068545,-0.003633021589122265,0.0
2021-04-19,-0.0008115879566198192,-0.0002,0.007208748698623868,0.0
2021-04-20,0.0027355992938217556,-0.003989466853255486,0.0028355992938217554,0.0
2021-04-21,0.00517104223626883,0.0029004982852721462,0.00517104223626883,0.0
2021-04-22,0.0014318580142217985,0.0005583381505945951,0.0033897984060430987,0.0
2021-04-23,-0.009808819242428967,-0.0028029718558155946,-0.009708819242428968,-0.0064363927593997896
2021-04-26,-0.0015616612302042031,-0.006002018084309735,-0.0015616612302042031,-0.0001
2021-04-27,-0.005280824965964293,-0.0022388608785475885,-0.005280824965964293,0.0
2021-04-28,-0.0001228811228258353,0.010666401423626315,-0.0001228811228258353,0.0
2021-04-29,-0.0035274799813446167,-0.0035168865232585666,-0.0035274799813446167,0.0
2021-04-30,-0.0030039381134808084,-0.0033307263675298794,-0.0030039381134808084,0.0
2021-05-03,-0.00566263561382212,-0.006938090507803041,-0.00566263561382212,0.0
2021-05-04,0.004103922439467311,0.006888287102292301,0.003662769030634916,0.004833067840475181
2021-05-05,0.002087264388167087,0.0014818772968001048,0.0011830080327008164,0.008083672745957093
2021-05-06,0.004227476422762921,0.0031307153402275077,-0.0009139947821921402,0.005241471204955062
2021-05-07,0.000505276906412433,-0.004386156523909668,0.0028755421202007803,-0.0005071557689826812
2021-05-10,0.006600911480855653,0.003734824632376066,0.005423661199817742,-0.0001
2021-05-11,0.0025226903400666022,0.002787593894420215,0.0016227253856695655,0.0007999649543970367
2021-05-12,-0.0009090970980402124,-0.002021285742707546,-0.0023945571886520023,0.0014854600906117899
2021-05-13,-0.006783452105988075,-0.0001,-0.0077840372105972165,0.001000585104609142
2021-05-14,-0.0010492184842249897,0.002360218040430595,0.0025706470461263732,-0.0036198655303513625
2021-05-17,-0.005007601873136869,-0.0001,0.004657053275555256,-0.0001
2021-05-18,-0.00676231304512902,-0.003204523763381195,-0.0036577892817478254,0.0
2021-05-19,-0.009014762157218059,-0.012184677797322862,0.00030005100764214366,0.0
2021-05-20,0.006308713096984863,0.003059645624305296,0.0059367140194015455,0.0
2021-05-21,0.004521776419439761,0.001045437161432783,0.004450274340945848,0.0
2021-05-24,-0.008718644048063173,-0.013934969178851819,-0.0009917983275734787,0.0
2021-05-25,-0.0064021607317056636,0.003980389530422179,-0.006302160731705664,-0.006520441560268741
2021-05-26,0.0017264155875836296,0.00399605851419429,-0.00236964292661066,-0.0002
2021-05-27,0.003007801761359863,-0.0001,0.0025035042369827565,0.0
2021-05-28,0.011246005266136417,0.0,0.003143504084418458,0.0
2021-05-31,0.00823609529208762,0.00684891124983642,-0.000873427148040773,0.0
2021-06-01,-0.0009237122778882112,-0.0002,0.0046546698171022974,0.0029743663506574315
2021-06-02,0.0057992142725811656,0.0,0.0007807946746674954,0.0007230365648740022
2021-06-03,-0.0046363816397165135,0.0,-0.00678427844767644,-0.010566036518639021
2021-06-04,-0.0003026327675169638,0.0,-0.0023427932432219523,-0.0002
2021-06-07,0.0002524276807245318,0.0,-0.004270487706952153,0.0
2021-06-08,-0.008247017504026899,-0.0014225835003788601,-0.004921352086913511,0.0
2021-06-09,-0.011269225916922188,-0.004752099453491754,-0.008534559671499787,0.0
2021-06-10,-0.005911376686279746,-0.002186015810848774,-0.0020860158108487736,0.0
2021-06-11,-0.006165923817328589,-0.0026740178995311227,-0.0026740178995311227,0.0
2021-06-14,-0.014615989236264637,-0.014715989236264637,-0.014200209710728839,0.0
2021-06-15,0.0024819197519790003,-0.00307724339107428,0.0012314106170595363,0.0
2021-06-16,0.002783186703571383,-0.001928014362103847,0.0027443283317637123,0.0
2021-06-17,-0.004856972460525744,-0.00010728005308148214,-0.0007739505074373821,0.0
2021-06-18,0.0005629575239337825,0.0018881528207744358,0.002601905938795479,0.0
2021-06-21,0.002623481975331199,-0.0011037852448931517,-0.007001305816049963,0.0
2021-06-22,-0.0009916730195874469,-0.008896643576403384,-0.00023417747263987376,0.0
2021-06-23,-0.0001,-0.0040139055405502,0.0035407625685353493,0.0
2021-06-24,0.0,-0.0026621076394101164,0.004009934235014745,0.0
2021-06-25,0.0,0.0002041030927629528,-0.00119573795898964,0.0
2021-06-28,0.0,-0.0027062439291510197,-0.0020018560698350507,0.0
2021-06-29,0.0,0.0045169485464811475,0.001009691450339112,0.0
2021-06-30,0.0,-0.0001,-0.0029694216184575463,0.0
2021-07-01,0.0,0.0,-0.0008607466445772038,0.0
2021-07-02,0.0,0.0,-0.0040828298903763825,0.0
2021-07-05,-0.0016697065989662696,-0.0029458594633408495,0.0002526371339862443,0.0
2021-07-06,-0.0027776927844038067,-4.0541011154415686e-05,-0.0001,0.0
2021-07-07,-0.001304737393058808,0.004154629587330172,0.005334560706258607,0.0
2021-07-08,-0.002015944230632072,-0.0001,0.0022398137962461374,0.0037484429471620006
2021-07-09,-0.0001,0.0006589169349449421,0.0007805581259674454,5.86334917440201e-05
2021-07-12,0.0006780621501116581,0.0006303605970839676,0.0002477015530276905,0.0008670007675530389
2021-07-13,0.00382849949430778,-0.0001,0.002528339172080152,-0.009597452728745126
2021-07-14,0.008195438399780786,0.0,0.004915042483745235,-0.0001
2021-07-15,0.005979659629277778,0.00593727651913224,0.004576547396363572,0.005145542546752213
2021-07-16,0.007218381021876863,-0.0001,0.0018372615527473713,0.0015117735100346641
2021-07-19,0.007296269657992816,-0.0018001729269764178,0.0042437113299842455,0.004143711329984245
2021-07-20,-0.002971583070988437,0.0010085769638629393,0.0006111118289224393,-0.00153171476037538
2021-07-21,0.005775205635708746,-0.0001,-0.0001,0.005967980494923075
2021-07-22,3.232145920526452e-05,0.0,0.0,-7.588801993467787e-05
2021-07-23,-0.01015199581813917,0.0,0.0,-0.0001
2021-07-26,0.006750235136048832,0.0,0.0,0.0
2021-07-27,0.0026016086097140345,0.0,0.0,0.0
2021-07-28,-0.005507728427162917,0.0,-0.005517677982422209,0.0
2021-07-29,-0.004370222047044903,-0.009720019663278467,-0.0008861557357544125,0.0019156336734937774
2021-07-30,-0.002444090563872914,0.002901004638059368,-0.0040905383465456024,0.002478897896301335
2021-08-02,-0.0034819128440894964,0.004092291755511668,0.01024349447659163,0.0007223992490917652
2021-08-03,-0.003633408791037984,-0.009275366547132225,0.002419964579769296,0.002585098038982192
2021-08-04,-0.007340011953180581,0.00224418232932444,-0.007240011953180581,-0.011000484211992501
2021-08-05,-0.0011826025997963784,-0.0038349187473521672,0.002652316147555789,-0.0002
2021-08-06,-0.0019287074424029326,-0.003999901338966549,-0.0018287074424029326,0.0
2021-08-09,-0.0001,-0.00335166243705729,0.009332899009551986,0.0
2021-08-10,-0.004971818267400152,0.0026486338162986624,-0.004871818267400152,-0.004971818267400152
2021-08-11,-0.01030941315106777,0.011398575679844447,-0.01030941315106777,-0.0001
2021-08-12,-0.0001,0.0031173267976852383,0.00036208980778611454,-0.0007480988709405721
2021-08-13,0.0,-0.001121170579557462,-0.001590748852563273,-0.0001
2021-08-16,0.0,-0.0024130760803906526,-0.0019123772343823564,0.0
2021-08-17,0.0,-0.018559804836044802,-0.009833946972189667,0.0
2021-08-18,0.0,0.004418019342685398,0.0020807534963121375,0.0
2021-08-19,0.0,0.007998343828992827,0.008130468490718457,0.0
2021-08-20,0.0,0.0006229773871274769,-0.008786204803874088,0.0
2021-08-23,0.0,0.0068601359182129396,0.005672077561508848,0.0
2021-08-24,0.0,-0.0002,-0.00262421007642335,0.0
2021-08-25,0.0,0.0,0.011484943654281122,0.0
2021-08-26,0.0020247457933851966,0.0002750436282856207,0.0021247457933851964,0.0
2021-08-27,-0.0001,0.004898804666433776,-0.00083724451891114,0.0
2021-08-30,0.0,0.007927287277100858,0.005351875846407639,0.0
2021-08-31,0.0024557761065011063,-0.0001,0.0025557761065011066,0.0
2021-09-01,-0.0027350562262498544,0.0,-0.0027350562262498544,-0.003281134577437361
2021-09-02,0.0034405616838712127,0.0,0.0034405616838712127,0.0006133385466413401
2021-09-03,-0.0023530278177086974,0.0,-0.0023530278177086974,0.00918445876244256
2021-09-06,-0.008239906018862663,0.0,-0.008239906018862663,0.010208539218640211
2021-09-07,0.009902390281574469,0.01042577647438192,0.009902390281574469,0.00863358147104829
2021-09-08,-0.00039829479655849597,-0.0002,-0.001598053145370626,0.00119975834881213
2021-09-09,-0.0036623030652356836,-0.0005199413512538719,-0.0028123345095745654,-0.000849968555661118
2021-09-10,0.0050416132138170755,-0.0001,0.0016599593023979508,0.007092145033104891
2021-09-13,-0.006522981558589924,0.0,-0.007198592837367146,-0.004878305729539001
2021-09-14,-0.005186727286908543,0.0,-0.006256197928826634,0.000969470641918091
2021-09-15,-0.005384410138153517,-0.0024013432702472024,-0.0023013432702472026,-0.0030830668679063143
2021-09-16,0.0007171499526580138,-0.002395238284462353,-0.002395238284462353,-0.0001
2021-09-17,0.0008924957367494546,0.0022378967121328476,0.0003906350530471059,0.0
2021-09-20,0.008120502826960552,0.004171985148913482,0.005435357634387827,0.0025851451925727243
2021-09-21,-0.0028248871944708707,-0.005884070797843799,-0.0021814502287875737,-0.0006434369656832973
2021-09-22,-0.00044908914446152305,0.0014227175304177275,0.0023965596140057333,-0.0001
2021-09-23,0.00450074294139261,-0.0002,0.002918068306157062,-0.00023496375284038908
2021-09-24,-0.0011706449807495911,0.0,-0.00501665507723974,-0.0001
2021-09-27,-0.0028773492860519,0.0,0.0011344501767368786,-0.005794385578660954
2021-09-28,-0.0073987330130365955,0.0,-0.004363099624119937,-0.0001
2021-09-29,-0.0010042147073757168,-0.0010042147073757168,0.0051503920995561005,0.0
2021-09-30,0.0013841956930842891,-0.0001,0.00221603607886669,0.0
2021-10-01,-0.005205537586027753,0.0,0.0001281706785519532,0.0007849781100823239
2021-10-04,-0.000402317730645696,0.005690238574971251,-0.006192556305616948,-0.0002828821929776959
2021-10-05,0.003938780296408773,0.0032659873841081265,0.0005998699008976427,-0.0001
2021-10-06,-0.0054610196432749005,-0.0001,-0.003548281237451967,0.0
2021-10-07,-0.0022651406426977827,0.0033200817667312756,0.0034200817667312754,0.0
2021-10-08,0.0007146462356932171,-0.0001,-0.005380734156092715,0.0
2021-10-11,0.002785920379409168,-0.0038588377716590404,-0.0018510561412003578,0.0
2021-10-12,0.007221083834459074,-0.0001,0.0088020561236687,0.0
2021-10-13,0.00730247617951556,0.0,0.008818063114041496,0.0
2021-10-14,-0.009410956328812359,0.005901318690904478,-0.009310956328812358,-0.003047948303359671
2021-10-15,0.00633487485159775,-0.0001,0.008285940101260492,-0.0001
2021-10-18,-0.010986850704836303,0.00013957604652946608,-0.010886850704836304,0.0
2021-10-19,0.005018466619151718,-0.006230866433643956,0.010142192960234508,0.0
2021-10-20,0.0029387652904845018,-0.00584352065194087,0.003038765290484502,0.0
2021-10-21,-0.013826097287287653,0.0012093059151833674,-0.013826097287287653,-0.006703891296171627
2021-10-22,-0.0032914786245958672,-0.007504279494878563,-0.0032914786245958672,-0.0001
2021-10-25,0.00479444213943192,-0.0005628491410786474,0.00479444213943192,0.0
2021-10-26,0.005852545445973889,0.007218032647781436,0.005852545445973889,-0.002174615129477908
2021-10-27,0.013789777356558685,8.446800446747513e-05,0.013789777356558685,-0.0001
2021-10-28,-0.0023491208779198745,0.0035445663705437,-0.0023491208779198745,-0.004596194893185435
2021-10-29,0.007614172179498613,-0.0002,0.015535042528448928,-0.0002
2021-11-01,0.005229218375606503,0.0,0.005074432365486836,-0.00025478601011966743
2021-11-02,-0.012953261438058594,0.0,-0.011093452325257913,-0.007487325084103458
2021-11-03,0.007105830948421532,0.0,0.007205830948421532,0.004076865170374355
2021-11-04,-0.0028388779449209033,0.0,-0.0028388779449209033,0.0014373510816988676
2021-11-05,0.009304702016532773,0.0,0.009304702016532773,0.011816387751184631
2021-11-08,-0.0011521704630324202,0.001002557565837081,-0.0011521704630324202,0.0012053359421777543
2021-11-09,-0.004883546728475729,0.003776859831692758,-0.004883546728475729,-0.005539710089847705
2021-11-10,-0.0005879902259668723,-0.0010001518211032567,-0.0005879902259668723,0.0024595884929699665
2021-11-11,-0.005039869650710282,-0.0001398961263193387,-0.005039869650710282,0.0015899508468198431
2021-11-12,-0.005362451704655569,-0.0016126525374715595,-0.005362451704655569,-0.001617178434343136
2021-11-15,-0.015815706449348488,-0.003946612828065854,-0.015815706449348488,-0.0001
2021-11-16,0.009414953217266686,0.010053274810075041,0.009414953217266686,-0.0015163916294943847
2021-11-17,0.0009886956315121377,-0.0003114942956228939,0.0009886956315121377,-0.0001
2021-11-18,0.000632470507932914,0.0014540152904736648,0.000632470507932914,0.0
2021-11-19,0.006211437204521886,-0.0014883748425925437,0.006211437204521886,-0.007602023645513689
2021-11-22,0.007884178189422886,-3.079968877931485e-05,0.007884178189422886,-0.0001
2021-11-23,0.0025107566134340066,-0.0001,0.0025107566134340066,-0.0002676255541263716
2021-11-24,0.005532890431599902,0.0,0.005532890431599902,-0.0001
2021-11-25,-0.0038898556074354884,-0.0004862746394542871,-0.0038898556074354884,-0.0035404568994979457
2021-11-26,-0.0029221544317625248,-0.001334499121073285,-0.008417416146278712,-0.0001
2021-11-29,0.005288650761188363,0.009279833702268314,0.014084166658697984,0.0
2021-11-30,0.002444713976519208,-0.0029389411866742486,0.0025447139765192085,0.0
2021-12-01,-0.0034494033794220335,-0.00042950479196097736,-0.0034494033794220335,-0.006263732262269894
2021-12-02,-0.0013633363889909323,-0.0001,-0.0013633363889909323,-0.004281336720209894
2021-12-03,-0.008967954806034784,-0.0015648716322242628,-0.008967954806034784,-0.0001
2021-12-06,0.004779747228548214,-0.005067066752346761,0.004779747228548214,0.0
2021-12-07,0.0037199711556475277,0.004381897028618675,0.0037199711556475277,0.0
2021-12-08,-0.002279785275951074,-0.0065940760873390404,-0.002279785275951074,0.0
2021-12-09,-0.010430078982575619,0.0024056841341494883,-0.010430078982575619,0.001082509518318442
2021-12-10,-0.006895670692259548,-0.00983477334766798,-0.009725882353633319,-0.001654107834706986
2021-12-13,0.005388464723506803,0.003734325207754452,0.0016806431517281562,-0.0001
2021-12-14,-0.008029789258440601,0.005699250868720207,-0.0021305383897203935,0.0
2021-12-15,-0.0038962450301553873,0.002383528176659322,-0.0037962450301553875,0.0
2021-12-16,0.0008664472420080949,-0.0005486622558324215,-0.0024411552111907042,0.0
2021-12-17,-0.0015885127208024263,-0.0042508440192213556,-0.0009519356851709349,0.0
2021-12-20,-0.006637980375334007,-0.0010700070684882212,-0.001976163887938198,0.0
2021-12-21,0.0005001880388878944,0.0027978456605238454,-0.00486140752860389,0.0
2021-12-22,-0.0008489567076898963,-0.008093239452121693,-0.005757052800256579,0.0
2021-12-23,0.004004118088722519,-0.004583810109628272,0.00441814049491529,0.0
2021-12-24,-0.009631566323711071,3.847949687558767e-05,-0.008532387482782733,0.0
2021-12-27,-0.0060082861175101195,-0.0019069156909501505,-0.010500568517965037,0.0
2021-12-28,0.004508822833688741,0.0013163985316262284,-0.0011931937459529252,0.0
2021-12-29,0.0014081658247874884,-0.007102816774205068,-0.0016520494509807194,0.0
2021-12-30,-0.003752184690706284,-0.0031366297838727464,-0.0013270092695255586,0.0
2021-12-31,-0.002911276006171459,0.00128600534176595,-0.0015252706644055091,0.0
2022-01-03,0.001984908264387908,-0.00017670715066993027,0.0018082011137179777,0.0
2022-01-04,0.0005681660628675811,0.0015733266369331368,0.001901176535141147,0.0
2022-01-05,0.004054869370903403,-0.001322574963748191,0.0026322944071552113,0.0
2022-01-06,-0.0037548757156004807,0.0021217848161590334,-0.003654875715600481,-0.005876660531759515
2022-01-07,-0.0004547997958553429,-0.0001,-0.0004547997958553429,-0.0001
2022-01-10,-0.0008015573412150423,0.0,-0.005548066152368647,0.0
2022-01-11,-0.005462090655798957,0.0,-0.005362090655798957,0.0
2022-01-12,5.206186813446756e-05,0.0009735009461980914,5.206186813446756e-05,0.0
2022-01-13,0.0001153931779597329,-0.0015751559991845187,0.00245095936227977,0.0
2022-01-14,-0.0018831856921387446,-0.005821610723499404,-0.0033051715131013903,0.0
2022-01-17,0.001933614427481034,0.0007021401026797824,0.0006998713379953835,0.0
2022-01-18,-0.006554974634213018,0.008567989000794252,-0.003643656858598243,0.0
2022-01-19,0.0036344078702830298,-0.0002,0.0037344078702830296,0.0
2022-01-20,0.004678668204421888,0.002002774893520154,0.004678668204421888,0.0
2022-01-21,0.004905937706728247,-0.0001,0.004905937706728247,0.0
2022-01-24,0.0067711039868157295,0.0,0.0067711039868157295,0.0
2022-01-25,-0.0029436198467650996,0.0,-0.0029436198467650996,0.0
2022-01-26,-0.003989586419214852,0.0,-0.003989586419214852,0.001166461790961748
2022-01-27,0.002577419792261315,0.0,0.002577419792261315,-0.0005162599750401119
2022-01-28,0.002481270881316311,0.0,0.002481270881316311,0.00016493501276436683
2022-01-31,0.010867555689976171,0.0,0.010867555689976171,-0.000687439339407081
2022-02-01,0.011132101895230706,0.0,0.011132101895230706,0.017758564103346308
2022-02-02,-0.003942191405880457,-0.003880762673286886,-0.003942191405880457,-0.002251272220376066
2022-02-03,0.0031808984842219613,0.002732247207366578,0.0031808984842219613,-0.0026769662717939235
2022-02-04,-0.005052735644648698,0.0027699254501943214,-0.005052735644648698,-0.0002
2022-02-07,-0.006914035272810271,-0.0001,-0.006914035272810271,0.0
2022-02-08,0.013654455815869326,0.01269061470033036,0.013654455815869326,0.0
2022-02-09,-0.0020372584329648724,0.0043833746706376745,-0.0020372584329648724,0.0014984252416556543
2022-02-10,-0.0029008344378687045,0.0009438590055576013,-0.0029008344378687045,0.0034633517537288492
2022-02-11,0.0037685038556243278,0.0008327970579918409,0.0037685038556243278,0.0027357067976324866
2022-02-14,0.0036489659532796814,-0.005165899885720071,0.0036489659532796814,0.008814865838999753
2022-02-15,0.0023113574545062577,0.0005865798541637602,0.0023113574545062577,0.0013995002489545882
2022-02-16,0.006419773925818361,-0.003773714098190961,0.006419773925818361,0.005898391631414634
2022-02-17,0.0022944717754615706,0.0049215793325708915,-0.004854440360148116,-0.004754440360148116
2022-02-18,-0.0023025203892368174,-0.004817381939030729,-0.006433006077007431,-0.0001
2022-02-21,0.007172087144795003,-0.00297893945711053,0.006918541267766987,0.0
2022-02-22,0.005295407644111594,-0.00644869454648711,0.007155189478640622,0.0
2022-02-23,-0.0012944124990111438,-0.003074320107576645,0.0024824402545307487,0.002382440254530749
2022-02-24,-0.0014118054963479843,0.00042133279367775336,0.0011230787675206688,0.0011230787675206688
2022-02-25,0.0010274661958677544,0.0020716906309997786,0.0008382446807728705,0.0009257636737494024
2022-02-28,-0.009828495037690477,-0.0017486054027192944,-0.0031813070287182834,-0.0019156390138227674
2022-03-01,0.007368070935565585,0.00020555661712048375,0.007468070935565585,-0.004894608217499286
2022-03-02,0.003193570755639419,1.7703918303624277e-05,0.003193570755639419,0.0029935707556394187
2022-03-03,0.0024593447660022695,0.0021925027249272144,0.0024593447660022695,0.0024593447660022695
2022-03-04,0.0018385277820804013,0.005586934280186973,0.0018385277820804013,0.0018385277820804013
2022-03-07,0.005072800976101899,0.0003511744603555524,0.005072800976101899,0.005072800976101899
2022-03-08,0.0024550322610296773,-0.0001,0.0024550322610296773,0.0024550322610296773
2022-03-09,0.0036098156815535633,0.0,0.0036098156815535633,0.0070830254829033715
2022-03-10,-0.005407789130071982,0.0,-0.005407789130071982,0.0011095620809157935
2022-03-11,0.0024791206499448657,0.0003653019764945476,0.0024791206499448657,0.002910337060042678
2022-03-14,0.010676739632924193,0.0052269552227424574,0.010676739632924193,-0.002363194360620835
2022-03-15,-0.002389632519553353,-0.0001,-0.002389632519553353,-0.005794121297925248
2022-03-16,-0.0005589134836124332,0.0,-0.0005589134836124332,-0.0002
2022-03-17,0.004317309501752575,0.0,0.004317309501752575,0.0
2022-03-18,0.00463356173226388,-0.0050844714975258444,0.00463356173226388,0.00453356173226388
2022-03-21,0.0030279734763850375,0.0024153425373931057,0.0030279734763850375,0.0030279734763850375
2022-03-22,-0.007462887153098063,0.0031593712892504567,-0.007462887153098063,-0.007462887153098063
2022-03-23,0.0024393427107728184,-0.003104053338785795,0.0024393427107728184,-0.0001
2022-03-24,-0.005475668612139462,-0.0009512321216719854,-0.005475668612139462,0.0
2022-03-25,-0.003816214562828968,0.000856372620388779,-0.003816214562828968,0.0
2022-03-28,0.0026613762371022975,0.005454805506747385,0.0026613762371022975,0.0
2022-03-29,-0.0013454973689611682,-0.0014454973689611683,-0.0013454973689611682,0.0
2022-03-30,0.003919682479310449,0.0021215184704790114,0.003919682479310449,0.0014530199249552455
2022-03-31,0.015522286886427317,-0.0016621412024079517,0.015522286886427317,-1.3430040507178553e-05
2022-04-01,0.003763189187896465,0.0025142473811630593,0.003763189187896465,0.003563189187896465
2022-04-04,0.003501401266428017,0.0007809769780263043,0.003501401266428017,0.003501401266428017
2022-04-05,-0.004145670223214548,-0.004763415762822043,-0.004145670223214548,-0.005517673820959612
2022-04-06,-0.002970689837124607,-0.005494826006587028,-0.002970689837124607,-0.0002
2022-04-07,-0.004922443583011282,-0.0023561399130675896,-0.004922443583011282,0.0
2022-04-08,-0.002455429051535196,0.0060548152159511925,-0.002455429051535196,0.0
2022-04-11,-0.0050520723646225955,-0.008576659385776286,-0.0050520723646225955,0.0
2022-04-12,-0.0030486574859777127,-0.006036615677574087,-0.0030486574859777127,0.0
2022-04-13,-0.0009356145259594495,-0.00092937790398252,-0.0009356145259594495,0.0
2022-04-14,-0.00463099461459997,-0.0006320541800093782,-0.00463099461459997,0.0
2022-04-15,-0.00655634833451213,-0.00665634833451213,-0.00655634833451213,0.0
2022-04-18,-0.006292344432778219,-0.013990262325275348,-0.006292344432778219,0.0031747537964586735
2022-04-19,0.002210443383739813,-0.008097964925815382,0.002210443383739813,0.0036774613281240764
2022-04-20,0.00033306244919883987,-0.0006860247369818607,0.00033306244919883987,-0.0027075464481049138
2022-04-21,0.004966200632176232,0.0034532571071586916,0.004966200632176232,-0.0001
2022-04-22,0.0050559449773722506,-0.009604142303449604,0.0050559449773722506,0.0
2022-04-25,-0.001556056319222332,-0.0023730720993648813,-0.001556056319222332,0.0
2022-04-26,0.0032472520529520654,0.004971703713494679,0.0032472520529520654,0.0
2022-04-27,-0.006654391614261157,0.00011385193967143899,-0.006654391614261157,0.0
2022-04-28,0.011154993535812263,-0.004584908963828516,0.011154993535812263,0.0
2022-04-29,0.0057897977601231165,0.0017761673110276322,0.0057897977601231165,0.0
2022-05-02,-0.0009653436387976777,0.006457477552125002,-0.0009653436387976777,-0.001585298364965715
2022-05-03,-0.005381395275411904,-0.0002,-0.005381395275411904,-0.0001
2022-05-04,0.0018572674087050877,0.0034415924414277987,0.0018572674087050877,0.0009110622190858009
2022-05-05,-0.008609765270175585,-0.0001,-0.008609765270175585,4.2283011553845284e-05
2022-05-06,-0.003605336489402022,-0.0056871993273730935,-0.003605336489402022,-0.0029315884496070367
2022-05-09,0.0036261874931286186,-0.0012744159527549482,0.0036261874931286186,-0.0001
2022-05-10,0.00040751599158226346,0.0019273657866408999,0.00040751599158226346,0.0
2022-05-11,-0.002260722263554871,0.0024241489509748805,-0.002260722263554871,0.0
2022-05-12,0.004601780666572663,-0.0038433139296826678,0.004601780666572663,-0.00015984857552061573
2022-05-13,-0.004806873874866757,0.0035246000927110057,-0.004806873874866757,-0.0001
2022-05-16,0.0023112336842417646,-0.0074946810570926,0.0014023316711332169,0.0
2022-05-17,-0.0011014523089240668,3.0173177396519787e-05,-0.002293103687091591,0.0010916513781675241
2022-05-18,-0.0021654926464208524,-0.005050250778241472,-0.003921423894537335,0.0017559312481164823
2022-05-19,0.007066229285645376,-0.0006980324458331522,0.0022557852550702862,0.00146893546582344
2022-05-20,-0.006091267066686568,-0.0023263698482202,-0.004595418707505505,-0.0015958483591810625
2022-05-23,0.014353173580013756,0.01334221562521617,0.009259712906328144,-0.0001
2022-05-24,-0.009902505291862517,-0.0002,-0.00269892639273035,-0.007303578899132168
2022-05-25,0.00959500672506145,0.0,0.009695006725061451,-0.0001
2022-05-26,-0.005062307567370095,0.0,-0.005062307567370095,0.0
2022-05-27,0.0029392281815743713,0.0,0.0029392281815743713,0.0
2022-05-30,-0.007810403691136602,0.0,-0.005548850835447516,0.0
2022-05-31,-0.003502089578453016,0.0,-0.006199057865459356,0.0
2022-06-01,-0.0016029314003519924,0.0,0.0008074918175258183,0.0
2022-06-02,0.0005228625713332268,0.0031834006275177516,0.003283400627517752,0.0
2022-06-03,-0.005992216949753571,-0.0001,-0.0058922169497535705,0.005357208565380478
2022-06-06,0.00573498499388374,0.00563498499388374,0.00573498499388374,0.0029094586312586102
2022-06-07,-0.00548669846899833,-0.0001,-0.0036903503364273727,0.005136162540117217
2022-06-08,0.006784802592868289,0.0,0.0006721917203786898,0.002626151471159388
2022-06-09,0.0010983554555568098,0.0,0.0018559790518922093,-0.0018559908613997368
2022-06-10,0.006851377225186583,0.0,0.0028851146372684154,0.0025390019851526556
2022-06-13,-0.010750230188641852,0.0,-0.00828221255982875,0.003961613041730283
2022-06-14,0.0055162607176798325,0.0069679385284047825,0.00786083093297334,0.005608197695921235
2022-06-15,0.009102944079718778,0.0029982291679835236,0.002727277053014765,0.010314724754184735
2022-06-16,-0.0015350003841278603,-0.0001,-0.0019545965600691107,0.002167756132700216
2022-06-17,-0.006387991205051691,0.012275724411753586,-0.004739978692720093,-0.002923963229426352
2022-06-20,-0.009205227293355756,-0.0001,-0.0078109870976315054,-0.001316224915478914
2022-06-21,-0.004675322091994704,0.0003808648247618397,-0.006292159664421204,0.0009359727476646595
2022-06-22,0.0027158727623214805,0.0024464366029580686,0.0026464366029580687,0.0042030961187658365
2022-06-23,-0.003327379542255193,-0.0039949556089687085,-0.0039949556089687085,-0.008739384743043777
2022-06-24,-8.168720455976608e-05,-0.0046702315537964665,-0.0046702315537964665,0.003166934612689953
2022-06-27,-0.0006429125331505968,-0.0029424616773432886,-0.0029424616773432886,0.0017860521487110925
2022-06-28,0.00537069588137129,0.007493175844093957,0.006516839728937196,-0.0009041147740350142
2022-06-29,0.0001555907082294583,0.002644895938106395,0.0005547632938596835,-0.0012502853479657073
2022-06-30,0.0004524354835359846,-0.003420623342495488,-0.0019227866065860022,-0.0001
2022-07-01,0.005214109258207977,-0.0001,0.007533598744986847,-0.0028646625229513446
2022-07-04,0.0042529363996150595,0.0,0.005621519487495297,-0.0002
2022-07-05,-0.0010830608796219333,-0.006969964475889612,0.00011789989065329465,0.0
2022-07-06,-0.002605929964825915,0.000689597719528079,-0.0006718778846262375,0.0
2022-07-07,-0.006951474474698483,-0.002432880222892719,-0.008161657942915745,0.0
2022-07-08,-0.0004197889145636902,-0.0028124843787858955,-0.003859465376324267,0.0
2022-07-11,0.005534679236459228,0.0002769780589208959,-0.0008572548005834513,0.0030059633756540525
2022-07-12,0.001731278776309675,0.012471108087714056,-0.002302227986452521,-0.0004409192324844047
2022-07-13,0.0015055498136224087,0.0016435837735269021,-0.001948669633140554,0.003354219446762963
2022-07-14,0.0034223980010954945,0.002679173705349358,-0.0004381331297237612,0.003860531130819256
2022-07-15,0.003325414103409785,-0.0001,0.003225414103409785,0.004506602777090807
2022-07-18,0.0013406730879230943,0.0013246898427925814,0.0013406730879230943,-0.001180169030365197
2022-07-19,-0.002601000366838124,-0.00029418039058310975,-0.002601000366838124,-0.0001
2022-07-20,-0.009471524072746939,-0.0006989455765589625,-0.009471524072746939,0.001022180412137652
2022-07-21,-0.001540923739190192,-0.0026006344888876987,-0.001540923739190192,-0.00036837459410696825
2022-07-22,-0.003992237609795679,-0.004416247696625608,-0.003992237609795679,0.00619970246621665
2022-07-25,-0.001082735654009248,-0.0030157365236476164,-0.001082735654009248,0.005066892063032879
2022-07-26,-0.009575406185608737,-0.0012454830128738824,-0.003503627739775572,-0.0060717784458331646
2022-07-27,-0.007333304689213893,-0.0057513534888169685,-0.008311977384984593,-0.006294139958921807
2022-07-28,0.0020771475059806364,-0.0034544495425865686,-0.001549897638281461,-0.0001
2022-07-29,-0.005192742524593475,-0.0004389813226810979,-0.002747891409033687,0.0
2022-08-01,0.0010495970021156876,0.0004988280065363671,0.0013543308287105483,0.0
2022-08-02,-0.004826014958645852,-0.006911767416785064,-0.004077149474789987,0.0
2022-08-03,0.0018424514734813103,-0.004708851009656523,0.0043652906669581215,0.0
2022-08-04,-0.0007955729923281752,-0.0030577384889559967,-0.001781739557540285,0.0
2022-08-05,-0.004430591702010767,-0.0007004929954971594,-0.009150974342669604,0.0
2022-08-08,-0.0052737610304347425,0.0014932270531842872,-0.007388549231263586,0.0
2022-08-09,-0.007125949436689117,0.0006370670497302556,-0.00907930239168322,0.0
2022-08-10,-0.006236317048877904,-0.007927875885681935,-0.005966217494110549,0.0
2022-08-11,0.005186661281990368,0.0071267236838808866,0.003406351737816471,0.0
2022-08-12,-0.005871739465902937,-0.006307122621958716,-0.004903221376612676,0.0
2022-08-15,-0.000557215600816774,0.0006726897306338021,-0.0004572156008167738,0.0
2022-08-16,0.0037485133076004653,0.005386317163393617,0.0037485133076004653,0.0
2022-08-17,0.00010156191455958918,-0.004772823483700217,0.00010156191455958918,0.0
2022-08-18,0.006331864692959144,-0.0025122415091183292,0.006331864692959144,0.0005015761901641437
2022-08-19,0.006655033253611409,-0.0072364929956428405,0.006655033253611409,-0.0011477950194910935
2022-08-22,0.0031426634225421913,0.0004650880727282036,0.0031426634225421913,-0.0001
2022-08-23,0.010574655060297599,-0.0050596887224411136,0.010574655060297599,0.0
2022-08-24,0.009838033403390945,-0.008717170085272997,0.0055991550028013926,0.006451289899066392
2022-08-25,-0.008527094690670567,0.003690238752515862,-0.0032075459458308143,-0.00843409551918246
2022-08-26,-0.00035059532356409575,0.0015552636805726827,4.047495156012104e-05,-0.00030000000000000003
2022-08-29,-0.004013427536306058,0.0010570391323851958,-0.003913427536306057,-0.003442395463188286
2022-08-30,0.00020701890186156647,0.0010545315466077732,0.00020701890186156647,-0.0001
2022-08-31,-0.006260696949066613,-0.0001,-0.006260696949066613,0.0
2022-09-01,0.004623519660304343,0.006105902314795286,0.004623519660304343,0.0
2022-09-02,-0.0009970927661092865,-0.0041790797995554406,-0.0009970927661092865,0.0
2022-09-05,0.0026612307586048934,0.001189120098617602,0.0026612307586048934,-0.005061852748760687
2022-09-06,-0.0050955820359293025,8.715870163134021e-05,-0.0050955820359293025,-0.0001
2022-09-07,0.0002688519454921323,-0.005285320848406249,0.0002688519454921323,0.0022449493947605315
2022-09-08,-0.004187298450879284,-0.006348198768010294,-0.004187298450879284,0.008570405659957193
2022-09-09,-0.0029374788217283896,-0.0018639808338108744,-0.0029374788217283896,-0.005772867343204346
2022-09-12,0.00025332359185947784,0.002359387665531942,0.00025332359185947784,-0.0001
2022-09-13,-0.004054839425953904,-0.0028425683007603842,-0.004054839425953904,0.0
2022-09-14,-0.0029478529243983863,-0.0026759824140557996,-0.0029478529243983863,0.0
2022-09-15,0.0012799703667220718,0.0009629441462241206,0.0012799703667220718,0.0
2022-09-16,0.007802956839510244,0.010394907206610026,0.007802956839510244,0.0
2022-09-19,0.0033874484663211748,0.0008134713574548535,0.0033874484663211748,0.0
2022-09-20,0.003320316196910045,-0.004875602146706392,0.003320316196910045,0.0
2022-09-21,-0.0011571339606773368,0.0006680108488917313,-0.0011571339606773368,0.0
2022-09-22,0.004904431283739808,-0.005481387398479065,0.004904431283739808,-0.00028084954690120727
2022-09-23,-0.006057582398108874,-0.005527253656637243,-0.006057582398108874,-0.0001
2022-09-26,0.0031490116696091253,0.010205804009266772,0.0031490116696091253,0.0
2022-09-27,-0.008565811747273267,-0.0001,-0.008565811747273267,0.0
2022-09-28,0.002417321256195537,-0.0009746433711893432,0.002417321256195537,0.0
2022-09-29,0.0073290002889627726,0.005553911576699777,0.0073290002889627726,0.0
2022-09-30,0.0007228404792954501,0.0017105656348763154,0.0007228404792954501,0.0
2022-10-03,0.008959356519485517,-0.0002,0.008959356519485517,0.0
2022-10-04,-0.0033968003153861392,0.0,-0.0033968003153861392,-0.0023610833620873683
2022-10-05,-0.004902288609251304,0.0,-0.004902288609251304,-0.005530154752258843
2022-10-06,-0.0035233222327902157,0.0,-0.0035233222327902157,-0.0001
2022-10-07,-0.0030532426120934986,-0.0067992054851783055,-0.0012786770625317413,0.0
2022-10-10,0.0032842729142359417,-0.004685903582634321,0.004140274750164874,0.0
2022-10-11,0.004431124698033995,-0.0030165984537782074,0.006747056441004906,0.0
2022-10-12,-0.003060525994124874,0.0022234486500071204,-0.002297208652237348,-0.002397208652237348
2022-10-13,-0.001149711694279565,0.003353912298947237,-0.0010497116942795649,-0.0001
2022-10-14,-0.004669817019785205,-0.003338017985577013,-0.00034722721159130554,0.0
2022-10-17,-0.001113650859433901,0.0007773878922558541,-0.001013650859433901,0.0
2022-10-18,-0.00392471675469197,-0.002929210725054643,-0.00392471675469197,0.0
2022-10-19,0.00044251166271700446,0.0006357139070284013,0.00044251166271700446,0.0
2022-10-20,0.0013342538076491107,0.0033728580133371767,0.0013342538076491107,0.0
2022-10-21,0.0014142479502857962,0.014885590629392842,0.0014142479502857962,0.0
2022-10-24,-0.003798943812009714,-0.0002,-0.003798943812009714,0.0
2022-10-25,-0.0002345895055977598,0.0,-0.0002345895055977598,0.0
2022-10-26,-0.0055134048571596535,0.0,-0.0055134048571596535,-0.0025860895755376425
2022-10-27,0.00034532386356339595,0.0030767763112313218,0.003176776311231322,-0.0001
2022-10-28,-0.003290235831322141,-0.0001,-0.0031902358313221414,0.0026393449519740543
2022-10-31,-0.0007583121153000638,-0.004336685427004583,-0.0007583121153000638,0.001404783807945309
2022-11-01,-0.0013291790371725344,-0.0047435276413193336,-0.0013291790371725344,-0.007543038119487688
2022-11-02,-0.001767041553637716,0.0025115051443135973,-0.001767041553637716,-0.0001
2022-11-03,-0.011116280709911053,-0.00205931504034641,-0.003313057920279827,0.0
2022-11-04,-0.005694309184594936,-0.00935189149458956,-0.005594309184594937,0.0
2022-11-07,0.008176231302912729,-0.00024973556821554775,0.0059463345941396465,0.0
2022-11-08,0.0014728829121403275,-0.004446819254014356,0.0009964588391185192,9.560897134081045e-05
2022-11-09,-0.004089266188863472,-0.0016108764481365778,0.0010301524249480831,-0.003301053505629792
2022-11-10,0.004392566612236815,-0.0035856225770022564,0.0071952335344561465,-0.0001
2022-11-11,0.0002765020663650031,0.008882644401340479,-0.00017673349913220892,0.0
2022-11-14,0.004173066585955132,-0.003006180405210823,0.001985767002484673,0.0
2022-11-15,0.003521785900980556,0.0038507684397188547,0.00022539328846487016,-0.0008543758272031687
2022-11-16,0.0037713934659000304,-0.0001,0.004110192631221921,-0.0001
2022-11-17,-0.00010558632288829584,0.0052657106625835556,0.00181929082763026,-0.0019248771505185557
2022-11-18,0.0015332266977807652,-0.0001,0.0011981157533458298,0.0009981157533458297
2022-11-21,-0.00031772644168357453,0.0,-0.0006805671951180204,-0.0006805671951180204
2022-11-22,-0.0026938192938128157,0.003490876719597036,0.0010844970169046953,-0.0038783163107175113
2022-11-23,0.00393492597186168,0.006777878382503477,0.0040349259718616805,0.00383492597186168
2022-11-24,-0.0021511806146949806,-0.0023453631822479616,-0.006570514644889625,-0.006570514644889625
2022-11-25,7.605590839798726e-05,-0.002211189963307392,-0.00026321793081243163,0.00013927383921041886
2022-11-28,-0.006713500964747943,0.0010681010889133091,-0.0012105867237014456,-0.005502914241046497
2022-11-29,-0.0009248213178895681,0.0006950986219957379,-0.0008248213178895681,-0.0001
2022-11-30,-0.00624698922268212,-0.0010183894522452163,-0.00624698922268212,0.0
2022-12-01,0.0025896058578169347,0.003956140641333883,0.0025896058578169347,0.0
2022-12-02,-0.0026044927022448984,-0.005709176299366792,-0.0026044927022448984,0.0
2022-12-05,-0.0005826261187216186,0.00010802887850410734,-0.0005826261187216186,0.0
2022-12-06,-0.0014898504831721837,-0.005095534590869377,-0.0014898504831721837,0.0
2022-12-07,-0.005266602134790221,-0.0027983873658830706,-0.005266602134790221,0.0
2022-12-08,-0.0013008810636200075,-0.005730248421829187,-0.0013008810636200075,0.0
2022-12-09,-0.005816802408553423,-0.01264230397694579,-0.005816802408553423,-0.005121915416533884
2022-12-12,-0.0029186904894255017,-0.011813689801453375,-0.0029186904894255017,-0.0002
2022-12-13,-0.0008711951200401025,0.010092142331937115,-0.0008711951200401025,0.0011704931906958537
2022-12-14,0.00015033641378985329,-0.009038961616164553,0.00015033641378985329,0.0005954699097034833
2022-12-15,0.000348249602808437,0.0013799130541548798,0.000348249602808437,0.005871754672627372
2022-12-16,-0.0002873459892338559,0.0023418547236923716,-0.0002873459892338559,0.00485687216174181
2022-12-19,0.0073403112372232735,-0.00030000000000000003,0.0073403112372232735,-0.00036597073947131076
2022-12-20,0.0016070275401938172,0.0,0.0016070275401938172,-0.0001
2022-12-21,-0.0038215984033525886,0.0,-0.0038215984033525886,-0.005051599810451857
2022-12-22,-0.0018420492852516234,0.0,-0.0018420492852516234,-0.0001
2022-12-23,-0.0019894461210714144,0.0,-0.0019894461210714144,0.0
2022-12-26,-0.0001,0.005811396258666901,-0.00041745731133819853,0.0
2022-12-27,0.0,-0.020856002695013642,-0.00181301219912251,0.0
2022-12-28,0.0,-0.0001241640978766556,-0.0026339318240077734,0.003728869845164284
2022-12-29,0.0,-0.0012974156379892965,0.005678929876193362,-0.00028899155726089807
2022-12-30,0.00021208027935583083,-0.0018659366170563295,0.00031208027935583085,-0.0001
2023-01-02,-0.0009414737420671004,0.005750249796652574,-0.0009414737420671004,0.0013747181379651142
2023-01-03,-0.0001,-0.0036927899691679865,-0.0006628514900522076,0.0020862720138618675
2023-01-04,0.0,0.001027433876929995,-0.0005462825702072349,-0.004432893633669099
2023-01-05,0.0,-0.0001,0.004813280315346713,-0.0001
2023-01-06,0.0,0.0,0.001751586722081999,0.0
2023-01-09,0.0,0.0,0.003906302516356153,0.0
2023-01-10,0.0,0.0,-0.009853104631903965,-0.009953104631903964
2023-01-11,0.0,0.004208849754136901,0.0012479700236791569,-0.0001
2023-01-12,0.0,-0.0001,0.003693361247033211,0.0
2023-01-13,0.0,0.0,0.006784661308963891,0.0
2023-01-16,0.0,0.0,0.00026823165018310393,0.0001682316501831039
2023-01-17,0.0,0.0,-0.0054101664469885955,-0.005642007098012158
2023-01-18,0.0,0.00231817712590473,0.0021235115196152955,-0.0002
2023-01-19,0.0,-0.0001,-0.0017933237508608757,0.0
2023-01-20,-0.002444583181355553,-0.006973353661654158,-0.005649433492408318,-0.002444583181355553
2023-01-23,-0.0034261936594519593,-0.005968116667309153,-0.0018568624222306874,-0.0001
2023-01-24,0.003619991037618497,-0.0011639618420967058,0.0036862079626605038,0.0
2023-01-25,-0.007822263242960713,0.0012247714956408085,0.00417656797785213,0.0
2023-01-26,-0.0028552246383895864,-0.0022522125790300886,0.0025679392022811775,0.0
2023-01-27,-0.0001,0.014018855080350834,-0.0032512093336602545,0.0
2023-01-30,-0.012463808585560166,-0.0002,0.008649834417551983,0.0006595806547235018
2023-01-31,0.0022069004565351547,-0.003304083522582613,-0.0036427104320515768,0.0032640385070419773
2023-02-01,0.00037793363359686085,0.003332283401624192,-7.894850229563932e-05,0.003424617958099263
2023-02-02,-0.007784845858400169,-0.00761191115614106,-0.004530400075462726,-0.00398269895898593
2023-02-03,0.0018570256010329799,0.012735439792355363,0.004569648827159156,-0.0002
2023-02-06,-0.002363486322169828,-0.01183559909300429,0.0016555631793905069,0.0
2023-02-07,0.006012550868348709,0.009749236179507726,-0.0001,0.0
2023-02-08,0.0015533593338771467,0.0009738650269407123,0.0,-0.0006170513168502367
2023-02-09,-0.0011688928473433612,0.0027285803227365736,0.0,-0.00014234050782305766
2023-02-10,-0.0016310999559080441,-0.0001,0.0,0.004858940239766185
2023-02-13,-0.005006876125727566,0.0,0.0,-0.011131662281650823
2023-02-14,-0.0003828199796933273,0.0,0.0,-0.0002
2023-02-15,0.000838068311657425,0.0,0.0,0.0
2023-02-16,-0.002031190282640605,0.0,0.0,-0.0012027457515863538
2023-02-17,-0.0001,-0.004837893749660982,0.0,-0.0001
2023-02-20,0.0,-0.0019828843140990093,0.0,0.0
2023-02-21,0.0,0.004808734417889804,0.0,0.005335559313032057
2023-02-22,0.0,0.0026518811930872576,0.0,0.0016206444409928799
2023-02-23,0.0,0.0006291590278289184,0.003279827786404332,0.0032046727617919823
2023-02-24,-0.006116607687799047,-0.0001,-0.0044383569589853565,-0.007825247564704662
2023-02-27,-0.0002,0.005538735667080663,0.0017838217305831793,-0.0002
2023-02-28,0.00011543443798957007,0.0016697518892965224,0.00021543443798957007,0.0
2023-03-01,-0.0001,-0.0001,-0.00031005569696218593,0.0
2023-03-02,0.0006141195115970777,-0.003090159650870472,0.0007141195115970778,0.0
2023-03-03,-0.0028671611216094517,-0.005122680569882099,-0.0028671611216094517,0.0
2023-03-06,-0.0053768556346068365,-0.001878517035534033,-0.0053768556346068365,0.0
2023-03-07,-0.0001,0.003934384140129266,0.004770399340455578,0.0
2023-03-08,0.001012819996988934,-0.005743626297257232,-0.0006613339044386323,0.0
2023-03-09,0.002380054290916611,-0.00013743788789936096,0.0022587820479505805,0.0
2023-03-10,0.0035216508365144674,-0.002084128188896084,0.0028011525505365676,0.0007204982859778998
2023-03-13,0.000862844907703808,-0.002173143385692766,0.0007587047746591136,0.0001041401330446945
2023-03-14,0.002937808710290035,0.005002320083175782,0.0011758220945883747,0.0017619866157016606
2023-03-15,-0.0035960292139197714,0.0010480916617462087,0.0018139388077753615,-0.0036960292139197716
2023-03-16,0.003880692888980508,0.00815056809253607,0.003980692888980508,0.003880692888980508
2023-03-17,0.0012653174543341805,-0.0001,0.0012653174543341805,0.0012653174543341805
2023-03-20,0.003187900641756469,0.0,0.003187900641756469,0.003187900641756469
2023-03-21,-0.0006716208741797791,0.0027049395820044953,-0.0006716208741797791,-0.0006716208741797791
2023-03-22,-0.0009958148512841047,-0.0001,-0.0009958148512841047,-0.0001
2023-03-23,0.00048665164160327523,0.0,0.00048665164160327523,0.00023063898341629815
2023-03-24,-0.0018358908464202628,0.0,-0.0018358908464202628,0.003278974520758593
2023-03-27,0.005165351487013537,0.0,0.005165351487013537,0.0011359740801843432
2023-03-28,0.005742150891478737,0.0,0.005742150891478737,0.004595943952410542
2023-03-29,0.002742321849407725,0.0,0.002742321849407725,0.002642321849407725
2023-03-30,0.0006951747164319677,0.0,0.0006951747164319677,0.0005139350905858487
2023-03-31,0.00856928702697104,-0.000567571966677216,0.00856928702697104,0.008469287026971039
2023-04-03,0.0038010443542985327,-0.008204276150512547,0.0038010443542985327,0.008269925714605619
2023-04-04,0.001919645629129807,0.002999711909088043,0.001919645629129807,-0.0019525452452485714
2023-04-05,-0.0035568760593226224,0.004145107105591439,-0.0035568760593226224,-0.003656876059322622
2023-04-06,-0.0018710211407531262,0.003433638042092757,-0.0018710211407531262,-0.0008681090263757852
2023-04-07,-0.00204912663238519,-0.0059507253636676746,-0.00204912663238519,-0.0001
2023-04-10,0.006613859129452138,0.0009663994515380914,0.006613859129452138,-0.0011441050088538574
2023-04-11,0.0007880478404688418,0.0007418725846787932,0.0007880478404688418,0.0013008602590579565
2023-04-12,-0.004020990347966891,0.00036692386374159724,-0.002144558001321584,-0.0019499689468800096
2023-04-13,0.0032912551461470097,0.001529628808336936,0.00456129500046738,-0.0002
2023-04-14,-0.0026958115507814905,-0.0001,-0.0005745484823603819,-0.00023539961485737884
2023-04-17,-0.010288761793026468,0.0,-0.0012645925470335718,-0.0013471680518063467
2023-04-18,-0.0036348981316982943,0.004083490281243651,-0.003534898131698294,0.0005520830696922775
2023-04-19,-0.005010208384451498,-0.006056618845410899,-0.005010208384451498,-0.004646189556754732
2023-04-20,0.007855415312039904,0.0018135028206367032,0.007855415312039904,-0.0001
2023-04-21,0.0038992550616944845,-0.0035406060715583608,0.0038992550616944845,0.004917921434953632
2023-04-24,0.002043674772490611,0.003521328999818163,0.002043674772490611,0.001229400501423805
2023-04-25,-0.0034970893369704824,-0.0001,-0.0034970893369704824,0.00650218950470739
2023-04-26,0.003616692658019005,0.0051395716591245534,0.003616692658019005,-0.0013003001317343887
2023-04-27,-0.004537477840617921,-0.0002,0.0033070447866918595,-0.0001
2023-04-28,-0.0030382320367328465,-0.0004634678490454846,-0.002938232036732846,-0.0016736321992645853
2023-05-01,-0.0018970942945192748,-0.0001,-0.0018970942945192748,-0.005023905570176068
2023-05-02,-0.001805767077644216,0.0014095766188738756,-0.001805767077644216,-8.427232620216146e-05
2023-05-03,-0.004765202164518123,0.0017936250499027916,-0.004765202164518123,0.00323158697028898
2023-05-04,-0.006290545317140716,-3.231574525262015e-05,-0.006158229571888096,0.005733428247878214
2023-05-05,0.006213099123111998,-0.0014199875369167892,0.0030382072391312185,-0.006684883472916003
2023-05-08,-0.001222947888862891,-0.0020215940920930596,-0.0036868748807526775,-0.0018652807886596178
2023-05-09,0.0033156773294494403,-0.0006690504888321458,0.00042507747371896,-0.008910573168771519
2023-05-10,-0.0023909556349434704,-0.0015673993896844873,-0.003115810582284295,-0.0011403629143030946
2023-05-11,-0.0008055458807125326,0.0013430352554786307,5.4855306891421485e-05,-0.0001
2023-05-12,-0.0023013905346881192,-0.0001,-0.006976674285778195,0.0
2023-05-15,0.001361426404954802,-0.002350282460518194,-0.00397134207423937,0.0
2023-05-16,-0.003203663936301926,0.003110080869585452,0.0016533786357052715,-0.006115726143050326
2023-05-17,0.006440558259430196,0.0007867124824775029,0.0036758048120148603,-0.0001
2023-05-18,0.002940023063259911,0.0059923370324265314,0.00387642285877412,0.0
2023-05-19,0.01087859043515671,-1.476635552590793e-05,0.009480772070127319,0.004550011588132763
2023-05-22,0.006122668240380491,-0.0001,0.003953562629875629,0.0022691056105048624
2023-05-23,-0.019069495348032595,0.0055405636671752466,-0.01331509591864859,-0.005754399429384005
2023-05-24,-0.00208513461028762,-0.0001,-0.0034738317420846656,-0.0001
2023-05-25,0.007891042106533764,0.0,-0.0008728933953566553,-0.0008983801977108131
2023-05-26,0.008669623200922894,0.0008301144900978996,0.004986583701293057,-0.0001
2023-05-29,-0.01863403165261577,-0.005014370888946029,-0.007165756745219709,-0.007271742766706613
2023-05-30,0.00770490808003651,0.006602985870537104,0.00610003921378186,-0.0002
2023-05-31,0.002079622403004122,-0.0002,0.001979622403004122,0.0007483663680403986
2023-06-01,-0.012206531456129132,-0.0001570690836344312,-0.012206531456129132,-0.0011723883809032665
2023-06-02,-0.0094362860523572,-0.014542671913330729,-0.0094362860523572,-0.0010008873058251822
2023-06-05,-0.005827152953541382,-0.008726496612891311,-0.013121988416850461,-0.0001
2023-06-06,-0.001934746104137064,0.003684530850659984,-0.0005939241452413313,-0.001848310733230585
2023-06-07,-0.004947023333506839,-0.00027741565325599675,-0.0035503620823787775,-0.0001
2023-06-08,-0.002228412142590075,-0.0021181359055899686,-0.0032544204011283107,0.0
2023-06-09,-0.002987597861828661,0.0057478032320556595,0.0014001814637110365,0.0
2023-06-12,-0.0008583734417103694,0.003068428000023271,0.0021577041688581877,0.0
2023-06-13,0.005939490725439878,-2.856019902501821e-05,-0.009597891271971281,0.0
2023-06-14,-0.002136908650595104,-0.0016705378473379606,-0.0036074464979330644,0.0
2023-06-15,0.009562287953640248,0.0005305445830405709,0.009462287953640246,0.0
2023-06-16,0.003720630130426028,-0.005803486750262843,0.003720630130426028,0.0
2023-06-19,0.010398751239198357,-0.0025236925983074697,0.010398751239198357,0.0025422272458631378
2023-06-20,5.3863606224480164e-05,-0.0005307983452290888,5.3863606224480164e-05,-0.003278632474930776
2023-06-21,-0.010519100580523489,-0.001206924022847744,-0.008194101610953842,-0.0002
2023-06-22,-0.004833631748602962,-0.006719106311805367,-0.0037097873583390893,0.0
2023-06-23,0.013689015735745057,-0.002224149463809977,0.011232153480362616,0.0
2023-06-26,-0.004704086621792736,0.009824127104337776,-0.003933058166455039,0.0
2023-06-27,0.00808409665921841,0.002306207306055863,0.008670403815627493,0.0
2023-06-28,0.0013347409869328697,-0.0001,0.0023128100344968596,-7.085662279547868e-05
2023-06-29,0.0066227815724943405,0.001257255465189544,0.006034841884734488,-0.0006751986533288124
2023-06-30,1.9854076455816382e-05,-0.0001,-0.0014136851294026976,-0.004787832896246469
